-- Заполнение таблицы объекты мониторинга
insert into object_monitor VALUES (1, 'Плотина');

-- Заполнение таблицы видов сигналов
insert into signal_type VALUES (1, 'Аналоговый');
insert into signal_type VALUES (2, 'Цифровой');

-- Заполнение Заполнение таблицы измеряемых параметров
insert into measured_parameter VALUES (1, 'Безнапорные пьезометры', 0);
insert into measured_parameter VALUES (2, 'Преобразователь линейных перемещений струнный', 0);
insert into measured_parameter VALUES (3, 'Преобразователь линейных деформаций струнный', 0);
insert into measured_parameter VALUES (4, 'Инклинометры', 0);

insert into measured_parameter VALUES(5, 'Глубина инклинометра', 0);
insert into measured_parameter VALUES(6, 'Угол по оси X', 0);
insert into measured_parameter VALUES(7, 'Угол по оси Y', 0);
insert into measured_parameter VALUES(8, 'Изменение угла относительно нулевого значения по оси X', 0);
insert into measured_parameter VALUES(9, 'Изменение угла относительно нулевого значения по оси Y', 0);
insert into measured_parameter VALUES(10, 'Температура', 0);

insert into measured_parameter values(11, 'Смещение инклинометра относительно нулевого значения по оси X', 0);
insert into measured_parameter values(12, 'Смещение инклинометра относительно нулевого значения по оси Y', 0);
insert into measured_parameter values(13, 'Локальная координата текущего инклинометра относительно начального по оси X', 0);
insert into measured_parameter values(14, 'Локальная координата текущего инклинометра относительно начального по оси Y', 0);


-- Заполнение таблицы датчиков
insert into sensor VALUES (1, 'ИС3701.Т-com1', 1, 'Оптические', 1);
insert into sensor VALUES (2, 'ИС3701.Т-com2', 1, 'Оптические', 1);
insert into sensor VALUES (3, 'ИС3701.Т-com3', 1, 'Оптические', 1);
insert into sensor VALUES (4, '2-5-1а', 1, 'Оптические', 1);
insert into sensor VALUES (5, '2-6-1', 1, 'Оптические', 1);
insert into sensor VALUES (6, '4-7-1', 1, 'Оптические', 1);
insert into sensor VALUES (7, '4-7-4', 1, 'Оптические', 1);
insert into sensor VALUES (8, '4-7-5', 1, 'Оптические', 1);
insert into sensor VALUES (9, 'ПО1', 1, 'Оптические', 1);
insert into sensor VALUES (10, 'ПО2', 1, 'Оптические', 1);
insert into sensor VALUES (11, 'ПО3', 1, 'Оптические', 1);
insert into sensor VALUES (12, 'ПО4', 1, 'Оптические', 1);
insert into sensor VALUES (13, 'ПО5', 1, 'Оптические', 1);
insert into sensor VALUES (14, 'ПО6', 1, 'Оптические', 1);
insert into sensor VALUES (15, 'ПО7', 1, 'Оптические', 1);
insert into sensor VALUES (16, '1.п1.01', 1, 'Оптические', 1);
insert into sensor VALUES (17, '1.п1.02', 1, 'Оптические', 1);
insert into sensor VALUES (18, '1.п1.03', 1, 'Оптические', 1);
insert into sensor VALUES (19, '1.п1.04', 1, 'Оптические', 1);
insert into sensor VALUES (20, '1.п1.05', 1, 'Оптические', 1);
insert into sensor VALUES (21, '1.п1.06', 1, 'Оптические', 1);
insert into sensor VALUES (22, '1.п1.07', 1, 'Оптические', 1);
insert into sensor VALUES (23, '1.п1.08', 1, 'Оптические', 1);
insert into sensor VALUES (24, '1.п1.09', 1, 'Оптические', 1);
insert into sensor VALUES (25, '1.п1.10', 1, 'Оптические', 1);
insert into sensor VALUES (26, '1.п1.11', 1, 'Оптические', 1);
insert into sensor VALUES (27, '1.п1.12', 1, 'Оптические', 1);
insert into sensor VALUES (28, '1.п1.13', 1, 'Оптические', 1);
insert into sensor VALUES (29, '1.п1.14', 1, 'Оптические', 1);
insert into sensor VALUES (30, '1.п1.15', 1, 'Оптические', 1);
insert into sensor VALUES (31, '1.п1.16', 1, 'Оптические', 1);
insert into sensor VALUES (32, '1.п1.17', 1, 'Оптические', 1);
insert into sensor VALUES (33, '1.п1.18', 1, 'Оптические', 1);
insert into sensor VALUES (34, '1.п1.19', 1, 'Оптические', 1);
insert into sensor VALUES (35, '1.п1.20', 1, 'Оптические', 1);
insert into sensor VALUES (36, '1.п1.21', 1, 'Оптические', 1);
insert into sensor VALUES (37, '1.п1.22', 1, 'Оптические', 1);
insert into sensor VALUES (38, '1.п1.23', 1, 'Оптические', 1);
insert into sensor VALUES (39, '1.п1.24', 1, 'Оптические', 1);
insert into sensor VALUES (40, '2.п1.13', 1, 'Оптические', 1);
insert into sensor VALUES (41, '2.п1.14', 1, 'Оптические', 1);
insert into sensor VALUES (42, '2.п1.15', 1, 'Оптические', 1);
insert into sensor VALUES (43, '2.п1.16', 1, 'Оптические', 1);
insert into sensor VALUES (44, '2.п1.17', 1, 'Оптические', 1);
insert into sensor VALUES (45, '2.п1.18', 1, 'Оптические', 1);
insert into sensor VALUES (46, '2.п1.19', 1, 'Оптические', 1);
insert into sensor VALUES (47, '2.п1.20', 1, 'Оптические', 1);
insert into sensor VALUES (48, '2.п1.21', 1, 'Оптические', 1);
insert into sensor VALUES (49, '2.п1.22', 1, 'Оптические', 1);
insert into sensor VALUES (50, '2.п1.23', 1, 'Оптические', 1);
insert into sensor VALUES (51, '2.п1.24', 1, 'Оптические', 1);
insert into sensor VALUES (52, '2.п2.01', 1, 'Оптические', 1);
insert into sensor VALUES (53, '2.п2.02', 1, 'Оптические', 1);
insert into sensor VALUES (54, '2.п2.03', 1, 'Оптические', 1);
insert into sensor VALUES (55, '2.п2.04', 1, 'Оптические', 1);
insert into sensor VALUES (56, '2.п2.05', 1, 'Оптические', 1);
insert into sensor VALUES (57, '2.п2.06', 1, 'Оптические', 1);
insert into sensor VALUES (58, '2.п2.07', 1, 'Оптические', 1);
insert into sensor VALUES (59, '2.п2.08', 1, 'Оптические', 1);
insert into sensor VALUES (60, '2.п2.09', 1, 'Оптические', 1);
insert into sensor VALUES (61, '2.п2.10', 1, 'Оптические', 1);
insert into sensor VALUES (62, '2.п2.11', 1, 'Оптические', 1);
insert into sensor VALUES (63, '2.п2.12', 1, 'Оптические', 1);
insert into sensor VALUES (64, '2.д.01', 1, 'Оптические', 1);
insert into sensor VALUES (65, '2.д.02', 1, 'Оптические', 1);
insert into sensor VALUES (66, '2.д.03', 1, 'Оптические', 1);
insert into sensor VALUES (67, '2.д.04', 1, 'Оптические', 1);
insert into sensor VALUES (68, '2.д.05', 1, 'Оптические', 1);
insert into sensor VALUES (69, '2.д.06', 1, 'Оптические', 1);
insert into sensor VALUES (70, '2.д.07', 1, 'Оптические', 1);
insert into sensor VALUES (71, '2.д.08', 1, 'Оптические', 1);
insert into sensor VALUES (72, '2.д.09', 1, 'Оптические', 1);
insert into sensor VALUES (73, '2.д.10', 1, 'Оптические', 1);
insert into sensor VALUES (74, '2.д.11', 1, 'Оптические', 1);
insert into sensor VALUES (75, '2.д.12', 1, 'Оптические', 1);
insert into sensor VALUES (76, '2.д.13', 1, 'Оптические', 1);
insert into sensor VALUES (77, '2.д.14', 1, 'Оптические', 1);
insert into sensor VALUES (78, '2.д.15', 1, 'Оптические', 1);
insert into sensor VALUES (79, '2.д.16', 1, 'Оптические', 1);
insert into sensor VALUES (80, '2.д.17', 1, 'Оптические', 1);
insert into sensor VALUES (81, '2.д.18', 1, 'Оптические', 1);
insert into sensor VALUES (82, '2.д.19', 1, 'Оптические', 1);
insert into sensor VALUES (83, '2.д.20', 1, 'Оптические', 1);
insert into sensor VALUES (84, '2.д.21', 1, 'Оптические', 1);
insert into sensor VALUES (85, '2.д.22', 1, 'Оптические', 1);
insert into sensor VALUES (86, '2.д.23', 1, 'Оптические', 1);
insert into sensor VALUES (87, '2.д.24', 1, 'Оптические', 1);

insert into sensor VALUES (88, 'ИН1.01', 1, 'Оптические', 1);
insert into sensor VALUES (89, 'ИН1.02', 1, 'Оптические', 1);
insert into sensor VALUES (90, 'ИН1.03', 1, 'Оптические', 1);
insert into sensor VALUES (91, 'ИН1.04', 1, 'Оптические', 1);
insert into sensor VALUES (92, 'ИН1.05', 1, 'Оптические', 1);
insert into sensor VALUES (93, 'ИН1.06', 1, 'Оптические', 1);
insert into sensor VALUES (94, 'ИН1.07', 1, 'Оптические', 1);
insert into sensor VALUES (95, 'ИН1.08', 1, 'Оптические', 1);
insert into sensor VALUES (96, 'ИН1.09', 1, 'Оптические', 1);
insert into sensor VALUES (97, 'ИН1.10', 1, 'Оптические', 1);
insert into sensor VALUES (98, 'ИН1.11', 1, 'Оптические', 1);
insert into sensor VALUES (99, 'ИН1.12', 1, 'Оптические', 1);
insert into sensor VALUES (100, 'ИН1.13', 1, 'Оптические', 1);
insert into sensor VALUES (101, 'ИН1.14', 1, 'Оптические', 1);
insert into sensor VALUES (102, 'ИН2.01', 1, 'Оптические', 1);
insert into sensor VALUES (103, 'ИН2.02', 1, 'Оптические', 1);
insert into sensor VALUES (104, 'ИН2.03', 1, 'Оптические', 1);
insert into sensor VALUES (105, 'ИН2.04', 1, 'Оптические', 1);
insert into sensor VALUES (106, 'ИН2.05', 1, 'Оптические', 1);
insert into sensor VALUES (107, 'ИН2.06', 1, 'Оптические', 1);
insert into sensor VALUES (108, 'ИН2.07', 1, 'Оптические', 1);
insert into sensor VALUES (109, 'ИН2.08', 1, 'Оптические', 1);
insert into sensor VALUES (110, 'ИН3.01', 1, 'Оптические', 1);
insert into sensor VALUES (111, 'ИН3.02', 1, 'Оптические', 1);
insert into sensor VALUES (112, 'ИН3.03', 1, 'Оптические', 1);
insert into sensor VALUES (113, 'ИН3.04', 1, 'Оптические', 1);
insert into sensor VALUES (114, 'ИН3.05', 1, 'Оптические', 1);
insert into sensor VALUES (115, 'ИН3.06', 1, 'Оптические', 1);
insert into sensor VALUES (116, 'ИН3.07', 1, 'Оптические', 1);
insert into sensor VALUES (117, 'ИН3.08', 1, 'Оптические', 1);
insert into sensor VALUES (118, 'ИН3.09', 1, 'Оптические', 1);
insert into sensor VALUES (119, 'ИН3.10', 1, 'Оптические', 1);
insert into sensor VALUES (120, 'ИН3.11', 1, 'Оптические', 1);
insert into sensor VALUES (121, 'ИН3.12', 1, 'Оптические', 1);


-- Заполнение таблицы сигналов
insert into signal(id, id_sensor, id_type, id_measured_parameter) VALUES (1, 1, 2, 10);
insert into signal(id, id_sensor, id_type, id_measured_parameter) VALUES (2, 2, 2, 10);
insert into signal(id, id_sensor, id_type, id_measured_parameter) VALUES (3, 3, 2, 10);
insert into signal(id, id_sensor, id_type, id_measured_parameter) VALUES (4, 4, 2, 1);
insert into signal(id, id_sensor, id_type, id_measured_parameter) VALUES (5, 5, 2, 1);
insert into signal(id, id_sensor, id_type, id_measured_parameter) VALUES (6, 6, 2, 1);
insert into signal(id, id_sensor, id_type, id_measured_parameter) VALUES (7, 7, 2, 1);
insert into signal(id, id_sensor, id_type, id_measured_parameter) VALUES (8, 8, 2, 1);
insert into signal(id, id_sensor, id_type, id_measured_parameter) VALUES (9, 9, 2, 1);
insert into signal(id, id_sensor, id_type, id_measured_parameter) VALUES (10, 10, 2, 1);
insert into signal(id, id_sensor, id_type, id_measured_parameter) VALUES (11, 11, 2, 1);
insert into signal(id, id_sensor, id_type, id_measured_parameter) VALUES (12, 12, 2, 1);
insert into signal(id, id_sensor, id_type, id_measured_parameter) VALUES (13, 13, 2, 1);
insert into signal(id, id_sensor, id_type, id_measured_parameter) VALUES (14, 14, 2, 1);
insert into signal(id, id_sensor, id_type, id_measured_parameter) VALUES (15, 15, 2, 1);
insert into signal(id, id_sensor, id_type, id_measured_parameter) VALUES (16, 16, 2, 2);
insert into signal(id, id_sensor, id_type, id_measured_parameter) VALUES (17, 17, 2, 2);
insert into signal(id, id_sensor, id_type, id_measured_parameter) VALUES (18, 18, 2, 2);
insert into signal(id, id_sensor, id_type, id_measured_parameter) VALUES (19, 19, 2, 2);
insert into signal(id, id_sensor, id_type, id_measured_parameter) VALUES (20, 20, 2, 2);
insert into signal(id, id_sensor, id_type, id_measured_parameter) VALUES (21, 21, 2, 2);
insert into signal(id, id_sensor, id_type, id_measured_parameter) VALUES (22, 22, 2, 2);
insert into signal(id, id_sensor, id_type, id_measured_parameter) VALUES (23, 23, 2, 2);
insert into signal(id, id_sensor, id_type, id_measured_parameter) VALUES (24, 24, 2, 2);
insert into signal(id, id_sensor, id_type, id_measured_parameter) VALUES (25, 25, 2, 2);
insert into signal(id, id_sensor, id_type, id_measured_parameter) VALUES (26, 26, 2, 2);
insert into signal(id, id_sensor, id_type, id_measured_parameter) VALUES (27, 27, 2, 2);
insert into signal(id, id_sensor, id_type, id_measured_parameter) VALUES (28, 28, 2, 2);
insert into signal(id, id_sensor, id_type, id_measured_parameter) VALUES (29, 29, 2, 2);
insert into signal(id, id_sensor, id_type, id_measured_parameter) VALUES (30, 30, 2, 2);
insert into signal(id, id_sensor, id_type, id_measured_parameter) VALUES (31, 31, 2, 2);
insert into signal(id, id_sensor, id_type, id_measured_parameter) VALUES (32, 32, 2, 2);
insert into signal(id, id_sensor, id_type, id_measured_parameter) VALUES (33, 33, 2, 2);
insert into signal(id, id_sensor, id_type, id_measured_parameter) VALUES (34, 34, 2, 2);
insert into signal(id, id_sensor, id_type, id_measured_parameter) VALUES (35, 35, 2, 2);
insert into signal(id, id_sensor, id_type, id_measured_parameter) VALUES (36, 36, 2, 2);
insert into signal(id, id_sensor, id_type, id_measured_parameter) VALUES (37, 37, 2, 2);
insert into signal(id, id_sensor, id_type, id_measured_parameter) VALUES (38, 38, 2, 2);
insert into signal(id, id_sensor, id_type, id_measured_parameter) VALUES (39, 39, 2, 2);
insert into signal(id, id_sensor, id_type, id_measured_parameter) VALUES (40, 40, 2, 2);
insert into signal(id, id_sensor, id_type, id_measured_parameter) VALUES (41, 41, 2, 2);
insert into signal(id, id_sensor, id_type, id_measured_parameter) VALUES (42, 42, 2, 2);
insert into signal(id, id_sensor, id_type, id_measured_parameter) VALUES (43, 43, 2, 2);
insert into signal(id, id_sensor, id_type, id_measured_parameter) VALUES (44, 44, 2, 2);
insert into signal(id, id_sensor, id_type, id_measured_parameter) VALUES (45, 45, 2, 2);
insert into signal(id, id_sensor, id_type, id_measured_parameter) VALUES (46, 46, 2, 2);
insert into signal(id, id_sensor, id_type, id_measured_parameter) VALUES (47, 47, 2, 2);
insert into signal(id, id_sensor, id_type, id_measured_parameter) VALUES (48, 48, 2, 2);
insert into signal(id, id_sensor, id_type, id_measured_parameter) VALUES (49, 49, 2, 2);
insert into signal(id, id_sensor, id_type, id_measured_parameter) VALUES (50, 50, 2, 2);
insert into signal(id, id_sensor, id_type, id_measured_parameter) VALUES (51, 51, 2, 2);
insert into signal(id, id_sensor, id_type, id_measured_parameter) VALUES (52, 52, 2, 2);
insert into signal(id, id_sensor, id_type, id_measured_parameter) VALUES (53, 53, 2, 2);
insert into signal(id, id_sensor, id_type, id_measured_parameter) VALUES (54, 54, 2, 2);
insert into signal(id, id_sensor, id_type, id_measured_parameter) VALUES (55, 55, 2, 2);
insert into signal(id, id_sensor, id_type, id_measured_parameter) VALUES (56, 56, 2, 2);
insert into signal(id, id_sensor, id_type, id_measured_parameter) VALUES (57, 57, 2, 2);
insert into signal(id, id_sensor, id_type, id_measured_parameter) VALUES (58, 58, 2, 2);
insert into signal(id, id_sensor, id_type, id_measured_parameter) VALUES (59, 59, 2, 2);
insert into signal(id, id_sensor, id_type, id_measured_parameter) VALUES (60, 60, 2, 2);
insert into signal(id, id_sensor, id_type, id_measured_parameter) VALUES (61, 61, 2, 2);
insert into signal(id, id_sensor, id_type, id_measured_parameter) VALUES (62, 62, 2, 2);
insert into signal(id, id_sensor, id_type, id_measured_parameter) VALUES (63, 63, 2, 2);
insert into signal(id, id_sensor, id_type, id_measured_parameter) VALUES (64, 64, 2, 3);
insert into signal(id, id_sensor, id_type, id_measured_parameter) VALUES (65, 65, 2, 3);
insert into signal(id, id_sensor, id_type, id_measured_parameter) VALUES (66, 66, 2, 3);
insert into signal(id, id_sensor, id_type, id_measured_parameter) VALUES (67, 67, 2, 3);
insert into signal(id, id_sensor, id_type, id_measured_parameter) VALUES (68, 68, 2, 3);
insert into signal(id, id_sensor, id_type, id_measured_parameter) VALUES (69, 69, 2, 3);
insert into signal(id, id_sensor, id_type, id_measured_parameter) VALUES (70, 70, 2, 3);
insert into signal(id, id_sensor, id_type, id_measured_parameter) VALUES (71, 71, 2, 3);
insert into signal(id, id_sensor, id_type, id_measured_parameter) VALUES (72, 72, 2, 3);
insert into signal(id, id_sensor, id_type, id_measured_parameter) VALUES (73, 73, 2, 3);
insert into signal(id, id_sensor, id_type, id_measured_parameter) VALUES (74, 74, 2, 3);
insert into signal(id, id_sensor, id_type, id_measured_parameter) VALUES (75, 75, 2, 3);
insert into signal(id, id_sensor, id_type, id_measured_parameter) VALUES (76, 76, 2, 3);
insert into signal(id, id_sensor, id_type, id_measured_parameter) VALUES (77, 77, 2, 3);
insert into signal(id, id_sensor, id_type, id_measured_parameter) VALUES (78, 78, 2, 3);
insert into signal(id, id_sensor, id_type, id_measured_parameter) VALUES (79, 79, 2, 3);
insert into signal(id, id_sensor, id_type, id_measured_parameter) VALUES (80, 80, 2, 3);
insert into signal(id, id_sensor, id_type, id_measured_parameter) VALUES (81, 81, 2, 3);
insert into signal(id, id_sensor, id_type, id_measured_parameter) VALUES (82, 82, 2, 3);
insert into signal(id, id_sensor, id_type, id_measured_parameter) VALUES (83, 83, 2, 3);
insert into signal(id, id_sensor, id_type, id_measured_parameter) VALUES (84, 84, 2, 3);
insert into signal(id, id_sensor, id_type, id_measured_parameter) VALUES (85, 85, 2, 3);
insert into signal(id, id_sensor, id_type, id_measured_parameter) VALUES (86, 86, 2, 3);
insert into signal(id, id_sensor, id_type, id_measured_parameter) VALUES (87, 87, 2, 3);

insert into signal(id, id_sensor, id_type, id_measured_parameter) VALUES (88, 88, 1, 5);
insert into signal(id, id_sensor, id_type, id_measured_parameter) VALUES (89, 88, 1, 6);
insert into signal(id, id_sensor, id_type, id_measured_parameter) VALUES (90, 88, 1, 7);
insert into signal(id, id_sensor, id_type, id_measured_parameter) VALUES (91, 88, 1, 8);
insert into signal(id, id_sensor, id_type, id_measured_parameter) VALUES (92, 88, 1, 9);
insert into signal(id, id_sensor, id_type, id_measured_parameter) VALUES (93, 89, 1, 5);
insert into signal(id, id_sensor, id_type, id_measured_parameter) VALUES (94, 89, 1, 6);
insert into signal(id, id_sensor, id_type, id_measured_parameter) VALUES (95, 89, 1, 7);
insert into signal(id, id_sensor, id_type, id_measured_parameter) VALUES (96, 89, 1, 8);
insert into signal(id, id_sensor, id_type, id_measured_parameter) VALUES (97, 89, 1, 9);
insert into signal(id, id_sensor, id_type, id_measured_parameter) VALUES (98, 90, 1, 5);
insert into signal(id, id_sensor, id_type, id_measured_parameter) VALUES (99, 90, 1, 6);
insert into signal(id, id_sensor, id_type, id_measured_parameter) VALUES (100, 90, 1, 7);
insert into signal(id, id_sensor, id_type, id_measured_parameter) VALUES (101, 90, 1, 8);
insert into signal(id, id_sensor, id_type, id_measured_parameter) VALUES (102, 90, 1, 9);
insert into signal(id, id_sensor, id_type, id_measured_parameter) VALUES (103, 91, 1, 5);
insert into signal(id, id_sensor, id_type, id_measured_parameter) VALUES (104, 91, 1, 6);
insert into signal(id, id_sensor, id_type, id_measured_parameter) VALUES (105, 91, 1, 7);
insert into signal(id, id_sensor, id_type, id_measured_parameter) VALUES (106, 91, 1, 8);
insert into signal(id, id_sensor, id_type, id_measured_parameter) VALUES (107, 91, 1, 9);
insert into signal(id, id_sensor, id_type, id_measured_parameter) VALUES (108, 92, 1, 5);
insert into signal(id, id_sensor, id_type, id_measured_parameter) VALUES (109, 92, 1, 6);
insert into signal(id, id_sensor, id_type, id_measured_parameter) VALUES (110, 92, 1, 7);
insert into signal(id, id_sensor, id_type, id_measured_parameter) VALUES (111, 92, 1, 8);
insert into signal(id, id_sensor, id_type, id_measured_parameter) VALUES (112, 92, 1, 9);
insert into signal(id, id_sensor, id_type, id_measured_parameter) VALUES (113, 93, 1, 5);
insert into signal(id, id_sensor, id_type, id_measured_parameter) VALUES (114, 93, 1, 6);
insert into signal(id, id_sensor, id_type, id_measured_parameter) VALUES (115, 93, 1, 7);
insert into signal(id, id_sensor, id_type, id_measured_parameter) VALUES (116, 93, 1, 8);
insert into signal(id, id_sensor, id_type, id_measured_parameter) VALUES (117, 93, 1, 9);
insert into signal(id, id_sensor, id_type, id_measured_parameter) VALUES (118, 94, 1, 5);
insert into signal(id, id_sensor, id_type, id_measured_parameter) VALUES (119, 94, 1, 6);
insert into signal(id, id_sensor, id_type, id_measured_parameter) VALUES (120, 94, 1, 7);
insert into signal(id, id_sensor, id_type, id_measured_parameter) VALUES (121, 94, 1, 8);
insert into signal(id, id_sensor, id_type, id_measured_parameter) VALUES (122, 94, 1, 9);
insert into signal(id, id_sensor, id_type, id_measured_parameter) VALUES (123, 95, 1, 5);
insert into signal(id, id_sensor, id_type, id_measured_parameter) VALUES (124, 95, 1, 6);
insert into signal(id, id_sensor, id_type, id_measured_parameter) VALUES (125, 95, 1, 7);
insert into signal(id, id_sensor, id_type, id_measured_parameter) VALUES (126, 95, 1, 8);
insert into signal(id, id_sensor, id_type, id_measured_parameter) VALUES (127, 95, 1, 9);
insert into signal(id, id_sensor, id_type, id_measured_parameter) VALUES (128, 96, 1, 5);
insert into signal(id, id_sensor, id_type, id_measured_parameter) VALUES (129, 96, 1, 6);
insert into signal(id, id_sensor, id_type, id_measured_parameter) VALUES (130, 96, 1, 7);
insert into signal(id, id_sensor, id_type, id_measured_parameter) VALUES (131, 96, 1, 8);
insert into signal(id, id_sensor, id_type, id_measured_parameter) VALUES (132, 96, 1, 9);
insert into signal(id, id_sensor, id_type, id_measured_parameter) VALUES (133, 97, 1, 5);
insert into signal(id, id_sensor, id_type, id_measured_parameter) VALUES (134, 97, 1, 6);
insert into signal(id, id_sensor, id_type, id_measured_parameter) VALUES (135, 97, 1, 7);
insert into signal(id, id_sensor, id_type, id_measured_parameter) VALUES (136, 97, 1, 8);
insert into signal(id, id_sensor, id_type, id_measured_parameter) VALUES (137, 97, 1, 9);
insert into signal(id, id_sensor, id_type, id_measured_parameter) VALUES (138, 98, 1, 5);
insert into signal(id, id_sensor, id_type, id_measured_parameter) VALUES (139, 98, 1, 6);
insert into signal(id, id_sensor, id_type, id_measured_parameter) VALUES (140, 98, 1, 7);
insert into signal(id, id_sensor, id_type, id_measured_parameter) VALUES (141, 98, 1, 8);
insert into signal(id, id_sensor, id_type, id_measured_parameter) VALUES (142, 98, 1, 9);
insert into signal(id, id_sensor, id_type, id_measured_parameter) VALUES (143, 99, 1, 5);
insert into signal(id, id_sensor, id_type, id_measured_parameter) VALUES (144, 99, 1, 6);
insert into signal(id, id_sensor, id_type, id_measured_parameter) VALUES (145, 99, 1, 7);
insert into signal(id, id_sensor, id_type, id_measured_parameter) VALUES (146, 99, 1, 8);
insert into signal(id, id_sensor, id_type, id_measured_parameter) VALUES (147, 99, 1, 9);
insert into signal(id, id_sensor, id_type, id_measured_parameter) VALUES (148, 100, 1, 5);
insert into signal(id, id_sensor, id_type, id_measured_parameter) VALUES (149, 100, 1, 6);
insert into signal(id, id_sensor, id_type, id_measured_parameter) VALUES (150, 100, 1, 7);
insert into signal(id, id_sensor, id_type, id_measured_parameter) VALUES (151, 100, 1, 8);
insert into signal(id, id_sensor, id_type, id_measured_parameter) VALUES (152, 100, 1, 9);
insert into signal(id, id_sensor, id_type, id_measured_parameter) VALUES (153, 101, 1, 5);
insert into signal(id, id_sensor, id_type, id_measured_parameter) VALUES (154, 101, 1, 6);
insert into signal(id, id_sensor, id_type, id_measured_parameter) VALUES (155, 101, 1, 7);
insert into signal(id, id_sensor, id_type, id_measured_parameter) VALUES (156, 101, 1, 8);
insert into signal(id, id_sensor, id_type, id_measured_parameter) VALUES (157, 101, 1, 9);
insert into signal(id, id_sensor, id_type, id_measured_parameter) VALUES (158, 102, 1, 5);
insert into signal(id, id_sensor, id_type, id_measured_parameter) VALUES (159, 102, 1, 6);
insert into signal(id, id_sensor, id_type, id_measured_parameter) VALUES (160, 102, 1, 7);
insert into signal(id, id_sensor, id_type, id_measured_parameter) VALUES (161, 102, 1, 8);
insert into signal(id, id_sensor, id_type, id_measured_parameter) VALUES (162, 102, 1, 9);
insert into signal(id, id_sensor, id_type, id_measured_parameter) VALUES (163, 103, 1, 5);
insert into signal(id, id_sensor, id_type, id_measured_parameter) VALUES (164, 103, 1, 6);
insert into signal(id, id_sensor, id_type, id_measured_parameter) VALUES (165, 103, 1, 7);
insert into signal(id, id_sensor, id_type, id_measured_parameter) VALUES (166, 103, 1, 8);
insert into signal(id, id_sensor, id_type, id_measured_parameter) VALUES (167, 103, 1, 9);
insert into signal(id, id_sensor, id_type, id_measured_parameter) VALUES (168, 104, 1, 5);
insert into signal(id, id_sensor, id_type, id_measured_parameter) VALUES (169, 104, 1, 6);
insert into signal(id, id_sensor, id_type, id_measured_parameter) VALUES (170, 104, 1, 7);
insert into signal(id, id_sensor, id_type, id_measured_parameter) VALUES (171, 104, 1, 8);
insert into signal(id, id_sensor, id_type, id_measured_parameter) VALUES (172, 104, 1, 9);
insert into signal(id, id_sensor, id_type, id_measured_parameter) VALUES (173, 105, 1, 5);
insert into signal(id, id_sensor, id_type, id_measured_parameter) VALUES (174, 105, 1, 6);
insert into signal(id, id_sensor, id_type, id_measured_parameter) VALUES (175, 105, 1, 7);
insert into signal(id, id_sensor, id_type, id_measured_parameter) VALUES (176, 105, 1, 8);
insert into signal(id, id_sensor, id_type, id_measured_parameter) VALUES (177, 105, 1, 9);
insert into signal(id, id_sensor, id_type, id_measured_parameter) VALUES (178, 106, 1, 5);
insert into signal(id, id_sensor, id_type, id_measured_parameter) VALUES (179, 106, 1, 6);
insert into signal(id, id_sensor, id_type, id_measured_parameter) VALUES (180, 106, 1, 7);
insert into signal(id, id_sensor, id_type, id_measured_parameter) VALUES (181, 106, 1, 8);
insert into signal(id, id_sensor, id_type, id_measured_parameter) VALUES (182, 106, 1, 9);
insert into signal(id, id_sensor, id_type, id_measured_parameter) VALUES (183, 107, 1, 5);
insert into signal(id, id_sensor, id_type, id_measured_parameter) VALUES (184, 107, 1, 6);
insert into signal(id, id_sensor, id_type, id_measured_parameter) VALUES (185, 107, 1, 7);
insert into signal(id, id_sensor, id_type, id_measured_parameter) VALUES (186, 107, 1, 8);
insert into signal(id, id_sensor, id_type, id_measured_parameter) VALUES (187, 107, 1, 9);
insert into signal(id, id_sensor, id_type, id_measured_parameter) VALUES (188, 108, 1, 5);
insert into signal(id, id_sensor, id_type, id_measured_parameter) VALUES (189, 108, 1, 6);
insert into signal(id, id_sensor, id_type, id_measured_parameter) VALUES (190, 108, 1, 7);
insert into signal(id, id_sensor, id_type, id_measured_parameter) VALUES (191, 108, 1, 8);
insert into signal(id, id_sensor, id_type, id_measured_parameter) VALUES (192, 108, 1, 9);
insert into signal(id, id_sensor, id_type, id_measured_parameter) VALUES (193, 109, 1, 5);
insert into signal(id, id_sensor, id_type, id_measured_parameter) VALUES (194, 109, 1, 6);
insert into signal(id, id_sensor, id_type, id_measured_parameter) VALUES (195, 109, 1, 7);
insert into signal(id, id_sensor, id_type, id_measured_parameter) VALUES (196, 109, 1, 8);
insert into signal(id, id_sensor, id_type, id_measured_parameter) VALUES (197, 109, 1, 9);
insert into signal(id, id_sensor, id_type, id_measured_parameter) VALUES (198, 110, 1, 5);
insert into signal(id, id_sensor, id_type, id_measured_parameter) VALUES (199, 110, 1, 6);
insert into signal(id, id_sensor, id_type, id_measured_parameter) VALUES (200, 110, 1, 7);
insert into signal(id, id_sensor, id_type, id_measured_parameter) VALUES (201, 110, 1, 8);
insert into signal(id, id_sensor, id_type, id_measured_parameter) VALUES (202, 110, 1, 9);
insert into signal(id, id_sensor, id_type, id_measured_parameter) VALUES (203, 111, 1, 5);
insert into signal(id, id_sensor, id_type, id_measured_parameter) VALUES (204, 111, 1, 6);
insert into signal(id, id_sensor, id_type, id_measured_parameter) VALUES (205, 111, 1, 7);
insert into signal(id, id_sensor, id_type, id_measured_parameter) VALUES (206, 111, 1, 8);
insert into signal(id, id_sensor, id_type, id_measured_parameter) VALUES (207, 111, 1, 9);
insert into signal(id, id_sensor, id_type, id_measured_parameter) VALUES (208, 112, 1, 5);
insert into signal(id, id_sensor, id_type, id_measured_parameter) VALUES (209, 112, 1, 6);
insert into signal(id, id_sensor, id_type, id_measured_parameter) VALUES (210, 112, 1, 7);
insert into signal(id, id_sensor, id_type, id_measured_parameter) VALUES (211, 112, 1, 8);
insert into signal(id, id_sensor, id_type, id_measured_parameter) VALUES (212, 112, 1, 9);
insert into signal(id, id_sensor, id_type, id_measured_parameter) VALUES (213, 113, 1, 5);
insert into signal(id, id_sensor, id_type, id_measured_parameter) VALUES (214, 113, 1, 6);
insert into signal(id, id_sensor, id_type, id_measured_parameter) VALUES (215, 113, 1, 7);
insert into signal(id, id_sensor, id_type, id_measured_parameter) VALUES (216, 113, 1, 8);
insert into signal(id, id_sensor, id_type, id_measured_parameter) VALUES (217, 113, 1, 9);
insert into signal(id, id_sensor, id_type, id_measured_parameter) VALUES (218, 114, 1, 5);
insert into signal(id, id_sensor, id_type, id_measured_parameter) VALUES (219, 114, 1, 6);
insert into signal(id, id_sensor, id_type, id_measured_parameter) VALUES (220, 114, 1, 7);
insert into signal(id, id_sensor, id_type, id_measured_parameter) VALUES (221, 114, 1, 8);
insert into signal(id, id_sensor, id_type, id_measured_parameter) VALUES (222, 114, 1, 9);
insert into signal(id, id_sensor, id_type, id_measured_parameter) VALUES (223, 115, 1, 5);
insert into signal(id, id_sensor, id_type, id_measured_parameter) VALUES (224, 115, 1, 6);
insert into signal(id, id_sensor, id_type, id_measured_parameter) VALUES (225, 115, 1, 7);
insert into signal(id, id_sensor, id_type, id_measured_parameter) VALUES (226, 115, 1, 8);
insert into signal(id, id_sensor, id_type, id_measured_parameter) VALUES (227, 115, 1, 9);
insert into signal(id, id_sensor, id_type, id_measured_parameter) VALUES (228, 116, 1, 5);
insert into signal(id, id_sensor, id_type, id_measured_parameter) VALUES (229, 116, 1, 6);
insert into signal(id, id_sensor, id_type, id_measured_parameter) VALUES (230, 116, 1, 7);
insert into signal(id, id_sensor, id_type, id_measured_parameter) VALUES (231, 116, 1, 8);
insert into signal(id, id_sensor, id_type, id_measured_parameter) VALUES (232, 116, 1, 9);
insert into signal(id, id_sensor, id_type, id_measured_parameter) VALUES (233, 117, 1, 5);
insert into signal(id, id_sensor, id_type, id_measured_parameter) VALUES (234, 117, 1, 6);
insert into signal(id, id_sensor, id_type, id_measured_parameter) VALUES (235, 117, 1, 7);
insert into signal(id, id_sensor, id_type, id_measured_parameter) VALUES (236, 117, 1, 8);
insert into signal(id, id_sensor, id_type, id_measured_parameter) VALUES (237, 117, 1, 9);
insert into signal(id, id_sensor, id_type, id_measured_parameter) VALUES (238, 118, 1, 5);
insert into signal(id, id_sensor, id_type, id_measured_parameter) VALUES (239, 118, 1, 6);
insert into signal(id, id_sensor, id_type, id_measured_parameter) VALUES (240, 118, 1, 7);
insert into signal(id, id_sensor, id_type, id_measured_parameter) VALUES (241, 118, 1, 8);
insert into signal(id, id_sensor, id_type, id_measured_parameter) VALUES (242, 118, 1, 9);
insert into signal(id, id_sensor, id_type, id_measured_parameter) VALUES (243, 119, 1, 5);
insert into signal(id, id_sensor, id_type, id_measured_parameter) VALUES (244, 119, 1, 6);
insert into signal(id, id_sensor, id_type, id_measured_parameter) VALUES (245, 119, 1, 7);
insert into signal(id, id_sensor, id_type, id_measured_parameter) VALUES (246, 119, 1, 8);
insert into signal(id, id_sensor, id_type, id_measured_parameter) VALUES (247, 119, 1, 9);
insert into signal(id, id_sensor, id_type, id_measured_parameter) VALUES (248, 120, 1, 5);
insert into signal(id, id_sensor, id_type, id_measured_parameter) VALUES (249, 120, 1, 6);
insert into signal(id, id_sensor, id_type, id_measured_parameter) VALUES (250, 120, 1, 7);
insert into signal(id, id_sensor, id_type, id_measured_parameter) VALUES (251, 120, 1, 8);
insert into signal(id, id_sensor, id_type, id_measured_parameter) VALUES (252, 120, 1, 9);
insert into signal(id, id_sensor, id_type, id_measured_parameter) VALUES (253, 121, 1, 5);
insert into signal(id, id_sensor, id_type, id_measured_parameter) VALUES (254, 121, 1, 6);
insert into signal(id, id_sensor, id_type, id_measured_parameter) VALUES (255, 121, 1, 7);
insert into signal(id, id_sensor, id_type, id_measured_parameter) VALUES (256, 121, 1, 8);
insert into signal(id, id_sensor, id_type, id_measured_parameter) VALUES (257, 121, 1, 9);

insert into signal(id, id_sensor, id_type, id_measured_parameter) VALUES (258, 88, 1, 11);
insert into signal(id, id_sensor, id_type, id_measured_parameter) VALUES (259, 89, 1, 11);
insert into signal(id, id_sensor, id_type, id_measured_parameter) VALUES (260, 90, 1, 11);
insert into signal(id, id_sensor, id_type, id_measured_parameter) VALUES (261, 91, 1, 11);
insert into signal(id, id_sensor, id_type, id_measured_parameter) VALUES (262, 92, 1, 11);
insert into signal(id, id_sensor, id_type, id_measured_parameter) VALUES (263, 93, 1, 11);
insert into signal(id, id_sensor, id_type, id_measured_parameter) VALUES (264, 94, 1, 11);
insert into signal(id, id_sensor, id_type, id_measured_parameter) VALUES (265, 95, 1, 11);
insert into signal(id, id_sensor, id_type, id_measured_parameter) VALUES (266, 96, 1, 11);
insert into signal(id, id_sensor, id_type, id_measured_parameter) VALUES (267, 97, 1, 11);
insert into signal(id, id_sensor, id_type, id_measured_parameter) VALUES (268, 98, 1, 11);
insert into signal(id, id_sensor, id_type, id_measured_parameter) VALUES (269, 99, 1, 11);
insert into signal(id, id_sensor, id_type, id_measured_parameter) VALUES (270, 100, 1, 11);
insert into signal(id, id_sensor, id_type, id_measured_parameter) VALUES (271, 101, 1, 11);
insert into signal(id, id_sensor, id_type, id_measured_parameter) VALUES (272, 102, 1, 11);
insert into signal(id, id_sensor, id_type, id_measured_parameter) VALUES (273, 103, 1, 11);
insert into signal(id, id_sensor, id_type, id_measured_parameter) VALUES (274, 104, 1, 11);
insert into signal(id, id_sensor, id_type, id_measured_parameter) VALUES (275, 105, 1, 11);
insert into signal(id, id_sensor, id_type, id_measured_parameter) VALUES (276, 106, 1, 11);
insert into signal(id, id_sensor, id_type, id_measured_parameter) VALUES (277, 107, 1, 11);
insert into signal(id, id_sensor, id_type, id_measured_parameter) VALUES (278, 108, 1, 11);
insert into signal(id, id_sensor, id_type, id_measured_parameter) VALUES (279, 109, 1, 11);
insert into signal(id, id_sensor, id_type, id_measured_parameter) VALUES (280, 110, 1, 11);
insert into signal(id, id_sensor, id_type, id_measured_parameter) VALUES (281, 111, 1, 11);
insert into signal(id, id_sensor, id_type, id_measured_parameter) VALUES (282, 112, 1, 11);
insert into signal(id, id_sensor, id_type, id_measured_parameter) VALUES (283, 113, 1, 11);
insert into signal(id, id_sensor, id_type, id_measured_parameter) VALUES (284, 114, 1, 11);
insert into signal(id, id_sensor, id_type, id_measured_parameter) VALUES (285, 115, 1, 11);
insert into signal(id, id_sensor, id_type, id_measured_parameter) VALUES (286, 116, 1, 11);
insert into signal(id, id_sensor, id_type, id_measured_parameter) VALUES (287, 117, 1, 11);
insert into signal(id, id_sensor, id_type, id_measured_parameter) VALUES (288, 118, 1, 11);
insert into signal(id, id_sensor, id_type, id_measured_parameter) VALUES (289, 119, 1, 11);
insert into signal(id, id_sensor, id_type, id_measured_parameter) VALUES (290, 120, 1, 11);
insert into signal(id, id_sensor, id_type, id_measured_parameter) VALUES (291, 121, 1, 11);
insert into signal(id, id_sensor, id_type, id_measured_parameter) VALUES (292, 88, 1, 12);
insert into signal(id, id_sensor, id_type, id_measured_parameter) VALUES (293, 89, 1, 12);
insert into signal(id, id_sensor, id_type, id_measured_parameter) VALUES (294, 90, 1, 12);
insert into signal(id, id_sensor, id_type, id_measured_parameter) VALUES (295, 91, 1, 12);
insert into signal(id, id_sensor, id_type, id_measured_parameter) VALUES (296, 92, 1, 12);
insert into signal(id, id_sensor, id_type, id_measured_parameter) VALUES (297, 93, 1, 12);
insert into signal(id, id_sensor, id_type, id_measured_parameter) VALUES (298, 94, 1, 12);
insert into signal(id, id_sensor, id_type, id_measured_parameter) VALUES (299, 95, 1, 12);
insert into signal(id, id_sensor, id_type, id_measured_parameter) VALUES (300, 96, 1, 12);
insert into signal(id, id_sensor, id_type, id_measured_parameter) VALUES (301, 97, 1, 12);
insert into signal(id, id_sensor, id_type, id_measured_parameter) VALUES (302, 98, 1, 12);
insert into signal(id, id_sensor, id_type, id_measured_parameter) VALUES (303, 99, 1, 12);
insert into signal(id, id_sensor, id_type, id_measured_parameter) VALUES (304, 100, 1, 12);
insert into signal(id, id_sensor, id_type, id_measured_parameter) VALUES (305, 101, 1, 12);
insert into signal(id, id_sensor, id_type, id_measured_parameter) VALUES (306, 102, 1, 12);
insert into signal(id, id_sensor, id_type, id_measured_parameter) VALUES (307, 103, 1, 12);
insert into signal(id, id_sensor, id_type, id_measured_parameter) VALUES (308, 104, 1, 12);
insert into signal(id, id_sensor, id_type, id_measured_parameter) VALUES (309, 105, 1, 12);
insert into signal(id, id_sensor, id_type, id_measured_parameter) VALUES (310, 106, 1, 12);
insert into signal(id, id_sensor, id_type, id_measured_parameter) VALUES (311, 107, 1, 12);
insert into signal(id, id_sensor, id_type, id_measured_parameter) VALUES (312, 108, 1, 12);
insert into signal(id, id_sensor, id_type, id_measured_parameter) VALUES (313, 109, 1, 12);
insert into signal(id, id_sensor, id_type, id_measured_parameter) VALUES (314, 110, 1, 12);
insert into signal(id, id_sensor, id_type, id_measured_parameter) VALUES (315, 111, 1, 12);
insert into signal(id, id_sensor, id_type, id_measured_parameter) VALUES (316, 112, 1, 12);
insert into signal(id, id_sensor, id_type, id_measured_parameter) VALUES (317, 113, 1, 12);
insert into signal(id, id_sensor, id_type, id_measured_parameter) VALUES (318, 114, 1, 12);
insert into signal(id, id_sensor, id_type, id_measured_parameter) VALUES (319, 115, 1, 12);
insert into signal(id, id_sensor, id_type, id_measured_parameter) VALUES (320, 116, 1, 12);
insert into signal(id, id_sensor, id_type, id_measured_parameter) VALUES (321, 117, 1, 12);
insert into signal(id, id_sensor, id_type, id_measured_parameter) VALUES (322, 118, 1, 12);
insert into signal(id, id_sensor, id_type, id_measured_parameter) VALUES (323, 119, 1, 12);
insert into signal(id, id_sensor, id_type, id_measured_parameter) VALUES (324, 120, 1, 12);
insert into signal(id, id_sensor, id_type, id_measured_parameter) VALUES (325, 121, 1, 12);
insert into signal(id, id_sensor, id_type, id_measured_parameter) VALUES (326, 88, 1, 13);
insert into signal(id, id_sensor, id_type, id_measured_parameter) VALUES (327, 89, 1, 13);
insert into signal(id, id_sensor, id_type, id_measured_parameter) VALUES (328, 90, 1, 13);
insert into signal(id, id_sensor, id_type, id_measured_parameter) VALUES (329, 91, 1, 13);
insert into signal(id, id_sensor, id_type, id_measured_parameter) VALUES (330, 92, 1, 13);
insert into signal(id, id_sensor, id_type, id_measured_parameter) VALUES (331, 93, 1, 13);
insert into signal(id, id_sensor, id_type, id_measured_parameter) VALUES (332, 94, 1, 13);
insert into signal(id, id_sensor, id_type, id_measured_parameter) VALUES (333, 95, 1, 13);
insert into signal(id, id_sensor, id_type, id_measured_parameter) VALUES (334, 96, 1, 13);
insert into signal(id, id_sensor, id_type, id_measured_parameter) VALUES (335, 97, 1, 13);
insert into signal(id, id_sensor, id_type, id_measured_parameter) VALUES (336, 98, 1, 13);
insert into signal(id, id_sensor, id_type, id_measured_parameter) VALUES (337, 99, 1, 13);
insert into signal(id, id_sensor, id_type, id_measured_parameter) VALUES (338, 100, 1, 13);
insert into signal(id, id_sensor, id_type, id_measured_parameter) VALUES (339, 101, 1, 13);
insert into signal(id, id_sensor, id_type, id_measured_parameter) VALUES (340, 102, 1, 13);
insert into signal(id, id_sensor, id_type, id_measured_parameter) VALUES (341, 103, 1, 13);
insert into signal(id, id_sensor, id_type, id_measured_parameter) VALUES (342, 104, 1, 13);
insert into signal(id, id_sensor, id_type, id_measured_parameter) VALUES (343, 105, 1, 13);
insert into signal(id, id_sensor, id_type, id_measured_parameter) VALUES (344, 106, 1, 13);
insert into signal(id, id_sensor, id_type, id_measured_parameter) VALUES (345, 107, 1, 13);
insert into signal(id, id_sensor, id_type, id_measured_parameter) VALUES (346, 108, 1, 13);
insert into signal(id, id_sensor, id_type, id_measured_parameter) VALUES (347, 109, 1, 13);
insert into signal(id, id_sensor, id_type, id_measured_parameter) VALUES (348, 110, 1, 13);
insert into signal(id, id_sensor, id_type, id_measured_parameter) VALUES (349, 111, 1, 13);
insert into signal(id, id_sensor, id_type, id_measured_parameter) VALUES (350, 112, 1, 13);
insert into signal(id, id_sensor, id_type, id_measured_parameter) VALUES (351, 113, 1, 13);
insert into signal(id, id_sensor, id_type, id_measured_parameter) VALUES (352, 114, 1, 13);
insert into signal(id, id_sensor, id_type, id_measured_parameter) VALUES (353, 115, 1, 13);
insert into signal(id, id_sensor, id_type, id_measured_parameter) VALUES (354, 116, 1, 13);
insert into signal(id, id_sensor, id_type, id_measured_parameter) VALUES (355, 117, 1, 13);
insert into signal(id, id_sensor, id_type, id_measured_parameter) VALUES (356, 118, 1, 13);
insert into signal(id, id_sensor, id_type, id_measured_parameter) VALUES (357, 119, 1, 13);
insert into signal(id, id_sensor, id_type, id_measured_parameter) VALUES (358, 120, 1, 13);
insert into signal(id, id_sensor, id_type, id_measured_parameter) VALUES (359, 121, 1, 13);
insert into signal(id, id_sensor, id_type, id_measured_parameter) VALUES (360, 88, 1, 14);
insert into signal(id, id_sensor, id_type, id_measured_parameter) VALUES (361, 89, 1, 14);
insert into signal(id, id_sensor, id_type, id_measured_parameter) VALUES (362, 90, 1, 14);
insert into signal(id, id_sensor, id_type, id_measured_parameter) VALUES (363, 91, 1, 14);
insert into signal(id, id_sensor, id_type, id_measured_parameter) VALUES (364, 92, 1, 14);
insert into signal(id, id_sensor, id_type, id_measured_parameter) VALUES (365, 93, 1, 14);
insert into signal(id, id_sensor, id_type, id_measured_parameter) VALUES (366, 94, 1, 14);
insert into signal(id, id_sensor, id_type, id_measured_parameter) VALUES (367, 95, 1, 14);
insert into signal(id, id_sensor, id_type, id_measured_parameter) VALUES (368, 96, 1, 14);
insert into signal(id, id_sensor, id_type, id_measured_parameter) VALUES (369, 97, 1, 14);
insert into signal(id, id_sensor, id_type, id_measured_parameter) VALUES (370, 98, 1, 14);
insert into signal(id, id_sensor, id_type, id_measured_parameter) VALUES (371, 99, 1, 14);
insert into signal(id, id_sensor, id_type, id_measured_parameter) VALUES (372, 100, 1, 14);
insert into signal(id, id_sensor, id_type, id_measured_parameter) VALUES (373, 101, 1, 14);
insert into signal(id, id_sensor, id_type, id_measured_parameter) VALUES (374, 102, 1, 14);
insert into signal(id, id_sensor, id_type, id_measured_parameter) VALUES (375, 103, 1, 14);
insert into signal(id, id_sensor, id_type, id_measured_parameter) VALUES (376, 104, 1, 14);
insert into signal(id, id_sensor, id_type, id_measured_parameter) VALUES (377, 105, 1, 14);
insert into signal(id, id_sensor, id_type, id_measured_parameter) VALUES (378, 106, 1, 14);
insert into signal(id, id_sensor, id_type, id_measured_parameter) VALUES (379, 107, 1, 14);
insert into signal(id, id_sensor, id_type, id_measured_parameter) VALUES (380, 108, 1, 14);
insert into signal(id, id_sensor, id_type, id_measured_parameter) VALUES (381, 109, 1, 14);
insert into signal(id, id_sensor, id_type, id_measured_parameter) VALUES (382, 110, 1, 14);
insert into signal(id, id_sensor, id_type, id_measured_parameter) VALUES (383, 111, 1, 14);
insert into signal(id, id_sensor, id_type, id_measured_parameter) VALUES (384, 112, 1, 14);
insert into signal(id, id_sensor, id_type, id_measured_parameter) VALUES (385, 113, 1, 14);
insert into signal(id, id_sensor, id_type, id_measured_parameter) VALUES (386, 114, 1, 14);
insert into signal(id, id_sensor, id_type, id_measured_parameter) VALUES (387, 115, 1, 14);
insert into signal(id, id_sensor, id_type, id_measured_parameter) VALUES (388, 116, 1, 14);
insert into signal(id, id_sensor, id_type, id_measured_parameter) VALUES (389, 117, 1, 14);
insert into signal(id, id_sensor, id_type, id_measured_parameter) VALUES (390, 118, 1, 14);
insert into signal(id, id_sensor, id_type, id_measured_parameter) VALUES (391, 119, 1, 14);
insert into signal(id, id_sensor, id_type, id_measured_parameter) VALUES (392, 120, 1, 14);
insert into signal(id, id_sensor, id_type, id_measured_parameter) VALUES (393, 121, 1, 14);
