-- Заполнение таблицы объекты мониторинга
insert into object_monitor VALUES (1, 'Плотина');

-- Заполнение таблицы видов сигналов
insert into signal_type VALUES (1, 'Аналоговый');
insert into signal_type VALUES (2, 'Цифровой');

-- Заполнение Заполнение таблицы измеряемых параметров
insert into measured_parameter VALUES (4, 'Tемпература - длина волны, нм', 0);
insert into measured_parameter VALUES (35, 'Арм. динамометры - Напряжение, МПа', 0);
insert into measured_parameter VALUES (17, 'Арм.динамометр - период, мкс', 0);
insert into measured_parameter VALUES (18, 'Арм.динамометр - сопротивление, Ом', 0);
insert into measured_parameter VALUES (39, 'Бьеф - Уровень, м', 0);
insert into measured_parameter VALUES (52, 'ВП - V потока, м/с', 0);
insert into measured_parameter VALUES (37, 'ВП - расход, л/с', 0);
insert into measured_parameter VALUES (6, 'ВП - ток (4-20 mA)', 0);
insert into measured_parameter VALUES (27, 'ДД - давление, м', 0);
insert into measured_parameter VALUES (22, 'ДД - длина волны, нм (атм. давл)', 0);
insert into measured_parameter VALUES (24, 'ДД - длина волны, нм (температура)', 0);
insert into measured_parameter VALUES (1, 'ДУ - длина волны, нм (температура)', 0);
insert into measured_parameter VALUES (2, 'ДУ - длина волны, нм (уровень воды)', 0);
insert into measured_parameter VALUES (25, 'ДУ - уровень, м', 0);
insert into measured_parameter VALUES (8, 'Датчик блока питания шкафа', 0);
insert into measured_parameter VALUES (5, 'Датчик линейных перемещений - длина волны, нм (раскр)', 0);
insert into measured_parameter VALUES (23, 'Датчик линейных перемещений - длина волны, нм (температура)', 0);
insert into measured_parameter VALUES (28, 'Датчик линейных перемещений - раскрытие, мм', 0);
insert into measured_parameter VALUES (42, 'Отклонение X, мм', 0);
insert into measured_parameter VALUES (43, 'Отклонение Y, мм', 0);
insert into measured_parameter VALUES (7, 'Охранный датчик двери шкафа', 0);
insert into measured_parameter VALUES (33, 'Пьезодинамометр - Давление, МПа', 0);
insert into measured_parameter VALUES (11, 'Пьезодинамометр - период, мкс', 0);
insert into measured_parameter VALUES (12, 'Пьезодинамометр - сопротивление, Ом', 0);
insert into measured_parameter VALUES (56, 'Пьезометр - Замер, м.вод.ст.', 0);
insert into measured_parameter VALUES (55, 'Пьезометр - Ток, mA', 0);
insert into measured_parameter VALUES (47, 'Расстояние до воды в ОДГН, мм', 0);
insert into measured_parameter VALUES (40, 'Т возд. - Температура, °C', 0);
insert into measured_parameter VALUES (30, 'Температура (калиброванная), °C', 0);
insert into measured_parameter VALUES (32, 'ТензоТермометр - Температура, °C', 0);
insert into measured_parameter VALUES (31, 'ТензоТермометр - деформация, e-5', 0);
insert into measured_parameter VALUES (15, 'ТензоТермометр - период, мкс', 0);
insert into measured_parameter VALUES (16, 'ТензоТермометр - сопротивление, Ом', 0);
insert into measured_parameter VALUES (38, 'Тензометр струнный - Деформация, e-5', 0);
insert into measured_parameter VALUES (19, 'Тензометр струнный - период, мкс', 0);
insert into measured_parameter VALUES (20, 'Тензометр струнный - сопротивление, Ом', 0);
insert into measured_parameter VALUES (13, 'Термометр струнный - период, мс', 0);
insert into measured_parameter VALUES (14, 'Термометр струнный - сопротивление, Ом', 0);
insert into measured_parameter VALUES (34, 'Щелемер струнный - Раскрытие, мм', 0);
insert into measured_parameter VALUES (9, 'Щелемер струнный - период, мкс', 0);
insert into measured_parameter VALUES (10, 'Щелемер струнный - сопротивление, Ом', 0);

-- Заполнение таблицы датчиков
insert into sensor VALUES (1820, 'A(Y)_А-А1', 1, 'Волоконно-оптические', 1, true);
insert into sensor VALUES (1906, 'B(X)_В-С', 1, 'Волоконно-оптические', 1, true);
insert into sensor VALUES (1907, 'C(Z)_A-C', 1, 'Волоконно-оптические', 1, true);
insert into sensor VALUES (1908, 'A(Y)_А-А1', 1, 'Волоконно-оптические', 1, true);
insert into sensor VALUES (1909, 'B(X)_В-С', 1, 'Волоконно-оптические', 1, true);
insert into sensor VALUES (1910, 'C(Z)_A-C', 1, 'Волоконно-оптические', 1, true);
insert into sensor VALUES (1911, 'A(Y)_А-А1', 1, 'Волоконно-оптические', 1, true);
insert into sensor VALUES (1912, 'B(X)_В-С', 1, 'Волоконно-оптические', 1, true);
insert into sensor VALUES (1913, 'C(Z)_A-C', 1, 'Волоконно-оптические', 1, true);
insert into sensor VALUES (1914, 'A(Y)_А-А1', 1, 'Волоконно-оптические', 1, true);
insert into sensor VALUES (1915, 'B(X)_В-С', 1, 'Волоконно-оптические', 1, true);
insert into sensor VALUES (1916, 'C(Z)_A-C', 1, 'Волоконно-оптические', 1, true);
insert into sensor VALUES (1917, 'A(Y)_А-А1', 1, 'Волоконно-оптические', 1, true);
insert into sensor VALUES (1918, 'B(X)_В-С', 1, 'Волоконно-оптические', 1, true);
insert into sensor VALUES (1919, 'C(Z)_A-C', 1, 'Волоконно-оптические', 1, true);
insert into sensor VALUES (1920, 'A(Y)_А-А1', 1, 'Волоконно-оптические', 1, true);
insert into sensor VALUES (1921, 'B(X)_В-С', 1, 'Волоконно-оптические', 1, true);
insert into sensor VALUES (1922, 'C(Z)_A-C', 1, 'Волоконно-оптические', 1, true);
insert into sensor VALUES (1923, 'A(Y)_А-А1', 1, 'Волоконно-оптические', 1, true);
insert into sensor VALUES (1924, 'B(X)_В-С', 1, 'Волоконно-оптические', 1, true);
insert into sensor VALUES (1925, 'C(Z)_A-C', 1, 'Волоконно-оптические', 1, true);
insert into sensor VALUES (1926, 'A(Y)_А-А1', 1, 'Волоконно-оптические', 1, true);
insert into sensor VALUES (1927, 'B(X)_В-С', 1, 'Волоконно-оптические', 1, true);
insert into sensor VALUES (1928, 'C(Z)_A-C', 1, 'Волоконно-оптические', 1, true);
insert into sensor VALUES (1929, 'A(Y)_А-А1', 1, 'Волоконно-оптические', 1, true);
insert into sensor VALUES (1930, 'B(X)_В-С', 1, 'Волоконно-оптические', 1, true);
insert into sensor VALUES (1931, 'C(Z)_A-C', 1, 'Волоконно-оптические', 1, true);

insert into sensor VALUES (1934, 'Т-1', 1, 'Волоконно-оптические', 1, true);
insert into sensor VALUES (1943, 'Т-2', 1, 'Волоконно-оптические', 1, true);
insert into sensor VALUES (1945, 'Т-3', 1, 'Волоконно-оптические', 1, true);
insert into sensor VALUES (1947, 'Т-4', 1, 'Волоконно-оптические', 1, true);
insert into sensor VALUES (1939, 'Т-5', 1, 'Волоконно-оптические', 1, true);

insert into sensor VALUES (1940, 'ТБ-1', 1, 'Волоконно-оптические', 1, true);
insert into sensor VALUES (1941, 'ТБ-2', 1, 'Волоконно-оптические', 1, true);
insert into sensor VALUES (1942, 'ТБ-3', 1, 'Волоконно-оптические', 1, true);

insert into sensor VALUES (1971, 'П11-6', 1, 'Волоконно-оптические', 1, true);
insert into sensor VALUES (1884, 'П7-1-1В', 1, 'Волоконно-оптические', 1, true);
insert into sensor VALUES (1972, 'П7-1-2В', 1, 'Волоконно-оптические', 1, true);
insert into sensor VALUES (1973, 'П7-1-3В', 1, 'Волоконно-оптические', 1, true);
insert into sensor VALUES (1974, 'П7-1-4В', 1, 'Волоконно-оптические', 1, true);
insert into sensor VALUES (1975, 'П7-1-5В', 1, 'Волоконно-оптические', 1, true);
insert into sensor VALUES (1976, 'П7-1-6В', 1, 'Волоконно-оптические', 1, true);

insert into sensor VALUES (1977, 'П8-1-1В', 1, 'Волоконно-оптические', 1, true);
insert into sensor VALUES (1978, 'П8-1-2Н', 1, 'Волоконно-оптические', 1, true);
insert into sensor VALUES (1979, 'П8-2-1В', 1, 'Волоконно-оптические', 1, true);
insert into sensor VALUES (1980, 'П8-2-2Н', 1, 'Волоконно-оптические', 1, true);
insert into sensor VALUES (1981, 'П8-2-3В', 1, 'Волоконно-оптические', 1, true);
insert into sensor VALUES (1982, 'П8-2-4Н', 1, 'Волоконно-оптические', 1, true);

insert into sensor VALUES (1983, 'П9-2-1В', 1, 'Волоконно-оптические', 1, true);
insert into sensor VALUES (1985, 'П9-2-2Н', 1, 'Волоконно-оптические', 1, true);
insert into sensor VALUES (1986, 'П9-2-3В', 1, 'Волоконно-оптические', 1, true);
insert into sensor VALUES (1984, 'П9-2-4Н', 1, 'Волоконно-оптические', 1, true);

insert into sensor VALUES (1989, 'П10-1В', 1, 'Волоконно-оптические', 1, true);
insert into sensor VALUES (1987, 'П10-2Н', 1, 'Волоконно-оптические', 1, true);
insert into sensor VALUES (1988, 'П10-3В', 1, 'Волоконно-оптические', 1, true);
insert into sensor VALUES (1990, 'П10-4Н', 1, 'Волоконно-оптические', 1, true);

insert into sensor VALUES (1992, 'П11-1В', 1, 'Волоконно-оптические', 1, true);
insert into sensor VALUES (1991, 'П11-2Н', 1, 'Волоконно-оптические', 1, true);
insert into sensor VALUES (1994, 'П11-3В', 1, 'Волоконно-оптические', 1, true);
insert into sensor VALUES (1993, 'П11-4Н', 1, 'Волоконно-оптические', 1, true);

insert into sensor VALUES (1997, 'П12-1В', 1, 'Волоконно-оптические', 1, true);
insert into sensor VALUES (1998, 'П12-2Н', 1, 'Волоконно-оптические', 1, true);
insert into sensor VALUES (1996, 'П12-3В', 1, 'Волоконно-оптические', 1, true);
insert into sensor VALUES (1995, 'П12-4Н', 1, 'Волоконно-оптические', 1, true);

insert into sensor VALUES (2002, 'П13-1В', 1, 'Волоконно-оптические', 1, true);
insert into sensor VALUES (1999, 'П13-2Н', 1, 'Волоконно-оптические', 1, true);
insert into sensor VALUES (2000, 'П13-3В', 1, 'Волоконно-оптические', 1, true);
insert into sensor VALUES (2001, 'П13-4Н', 1, 'Волоконно-оптические', 1, true);

insert into sensor VALUES (2003, 'П14-2-1В', 1, 'Волоконно-оптические', 1, true);
insert into sensor VALUES (2004, 'П14-2-2Н', 1, 'Волоконно-оптические', 1, true);
insert into sensor VALUES (2005, 'П14-2-3В', 1, 'Волоконно-оптические', 1, true);
insert into sensor VALUES (2006, 'П14-2-4Н', 1, 'Волоконно-оптические', 1, true);
insert into sensor VALUES (2007, 'П14-1-1В', 1, 'Волоконно-оптические', 1, true);
insert into sensor VALUES (2008, 'П14-1-2Н', 1, 'Волоконно-оптические', 1, true);


insert into sensor VALUES (2010, 'П15-1-1В', 1, 'Волоконно-оптические', 1, true);
insert into sensor VALUES (2009, 'П15-1-2Н', 1, 'Волоконно-оптические', 1, true);
insert into sensor VALUES (2011, 'П15-1-3В', 1, 'Волоконно-оптические', 1, true);
insert into sensor VALUES (2012, 'П15-1-4Н', 1, 'Волоконно-оптические', 1, true);
insert into sensor VALUES (2013, 'П15-1-5В', 1, 'Волоконно-оптические', 1, true);
insert into sensor VALUES (2014, 'П15-1-6Н', 1, 'Волоконно-оптические', 1, true);

insert into sensor VALUES (1957, 'ДУНБ (АСО)', 1, 'Волоконно-оптические', 1, true);

insert into sensor VALUES (1861, 'ОДГН-1-1', 1, 'Волоконно-оптические', 1, true);
insert into sensor VALUES (1862, 'ОДГН-1-2', 1, 'Волоконно-оптические', 1, true);
insert into sensor VALUES (1863, 'ОДГН-1-3', 1, 'Волоконно-оптические', 1, true);

insert into sensor VALUES (1864, 'ДО-1', 1, 'Волоконно-оптические', 1, true);
insert into sensor VALUES (1866, 'ДО-2', 1, 'Волоконно-оптические', 1, true);
insert into sensor VALUES (1867, 'ДО-3', 1, 'Волоконно-оптические', 1, true);

insert into sensor VALUES (1876, 'ВП-1', 1, 'Цифровые', 1, true);
insert into sensor VALUES (1874, 'ВП-2', 1, 'Цифровые', 1, true);
insert into sensor VALUES (1875, 'ВП-3', 1, 'Цифровые', 1, true);
insert into sensor VALUES (1877, 'ВП-4', 1, 'Цифровые', 1, true);
insert into sensor VALUES (1878, 'ВП-5', 1, 'Цифровые', 1, true);
insert into sensor VALUES (1879, 'ВП-6', 1, 'Цифровые', 1, true);
insert into sensor VALUES (1880, 'ВП-7', 1, 'Цифровые', 1, true);
insert into sensor VALUES (1881, 'ВП-8', 1, 'Цифровые', 1, true);
insert into sensor VALUES (1882, 'ВП-9', 1, 'Цифровые', 1, true);
insert into sensor VALUES (1883, 'ВП-10', 1, 'Цифровые', 1, true);
insert into sensor VALUES (1962, 'ВП-10 (АСО)', 1, 'Цифровые', 1, true);
insert into sensor VALUES (1871, 'ВП-11', 1, 'Цифровые', 1, true);
insert into sensor VALUES (1872, 'ВП-12', 1, 'Цифровые', 1, true);


-- Заполнение таблицы сигналов
-- сигнал датчик тип параметр
insert into signal(id, id_sensor, id_type, id_measured_parameter) VALUES (1, 1820, 1, 23);
insert into signal(id, id_sensor, id_type, id_measured_parameter) VALUES (2, 1820, 1, 5);
insert into signal(id, id_sensor, id_type, id_measured_parameter) VALUES (3, 1906, 1, 23);
insert into signal(id, id_sensor, id_type, id_measured_parameter) VALUES (4, 1906, 1, 5);
insert into signal(id, id_sensor, id_type, id_measured_parameter) VALUES (5, 1907, 1, 23);
insert into signal(id, id_sensor, id_type, id_measured_parameter) VALUES (6, 1907, 1, 5);
insert into signal(id, id_sensor, id_type, id_measured_parameter) VALUES (7, 1908, 1, 23);
insert into signal(id, id_sensor, id_type, id_measured_parameter) VALUES (8, 1908, 1, 5);
insert into signal(id, id_sensor, id_type, id_measured_parameter) VALUES (9, 1909, 1, 23);
insert into signal(id, id_sensor, id_type, id_measured_parameter) VALUES (10, 1909, 1, 5);
insert into signal(id, id_sensor, id_type, id_measured_parameter) VALUES (11, 1910, 1, 23);
insert into signal(id, id_sensor, id_type, id_measured_parameter) VALUES (12, 1910, 1, 5);
insert into signal(id, id_sensor, id_type, id_measured_parameter) VALUES (13, 1911, 1, 23);
insert into signal(id, id_sensor, id_type, id_measured_parameter) VALUES (14, 1911, 1, 5);
insert into signal(id, id_sensor, id_type, id_measured_parameter) VALUES (15, 1912, 1, 23);
insert into signal(id, id_sensor, id_type, id_measured_parameter) VALUES (16, 1912, 1, 5);
insert into signal(id, id_sensor, id_type, id_measured_parameter) VALUES (17, 1913, 1, 23);
insert into signal(id, id_sensor, id_type, id_measured_parameter) VALUES (18, 1913, 1, 5);
insert into signal(id, id_sensor, id_type, id_measured_parameter) VALUES (19, 1914, 1, 23);
insert into signal(id, id_sensor, id_type, id_measured_parameter) VALUES (20, 1914, 1, 5);
insert into signal(id, id_sensor, id_type, id_measured_parameter) VALUES (21, 1915, 1, 23);
insert into signal(id, id_sensor, id_type, id_measured_parameter) VALUES (22, 1915, 1, 5);
insert into signal(id, id_sensor, id_type, id_measured_parameter) VALUES (23, 1916, 1, 23);
insert into signal(id, id_sensor, id_type, id_measured_parameter) VALUES (24, 1916, 1, 5);
insert into signal(id, id_sensor, id_type, id_measured_parameter) VALUES (25, 1917, 1, 23);
insert into signal(id, id_sensor, id_type, id_measured_parameter) VALUES (26, 1917, 1, 5);
insert into signal(id, id_sensor, id_type, id_measured_parameter) VALUES (27, 1918, 1, 23);
insert into signal(id, id_sensor, id_type, id_measured_parameter) VALUES (28, 1918, 1, 5);
insert into signal(id, id_sensor, id_type, id_measured_parameter) VALUES (29, 1919, 1, 23);
insert into signal(id, id_sensor, id_type, id_measured_parameter) VALUES (30, 1919, 1, 5);
insert into signal(id, id_sensor, id_type, id_measured_parameter) VALUES (31, 1920, 1, 23);
insert into signal(id, id_sensor, id_type, id_measured_parameter) VALUES (32, 1920, 1, 5);
insert into signal(id, id_sensor, id_type, id_measured_parameter) VALUES (33, 1921, 1, 23);
insert into signal(id, id_sensor, id_type, id_measured_parameter) VALUES (34, 1921, 1, 5);
insert into signal(id, id_sensor, id_type, id_measured_parameter) VALUES (35, 1922, 1, 23);
insert into signal(id, id_sensor, id_type, id_measured_parameter) VALUES (36, 1922, 1, 5);
insert into signal(id, id_sensor, id_type, id_measured_parameter) VALUES (37, 1923, 1, 23);
insert into signal(id, id_sensor, id_type, id_measured_parameter) VALUES (38, 1923, 1, 5);
insert into signal(id, id_sensor, id_type, id_measured_parameter) VALUES (39, 1924, 1, 23);
insert into signal(id, id_sensor, id_type, id_measured_parameter) VALUES (40, 1924, 1, 5);
insert into signal(id, id_sensor, id_type, id_measured_parameter) VALUES (41, 1925, 1, 23);
insert into signal(id, id_sensor, id_type, id_measured_parameter) VALUES (42, 1925, 1, 5);
insert into signal(id, id_sensor, id_type, id_measured_parameter) VALUES (43, 1926, 1, 23);
insert into signal(id, id_sensor, id_type, id_measured_parameter) VALUES (44, 1926, 1, 5);
insert into signal(id, id_sensor, id_type, id_measured_parameter) VALUES (45, 1927, 1, 23);
insert into signal(id, id_sensor, id_type, id_measured_parameter) VALUES (46, 1927, 1, 5);
insert into signal(id, id_sensor, id_type, id_measured_parameter) VALUES (47, 1928, 1, 23);
insert into signal(id, id_sensor, id_type, id_measured_parameter) VALUES (48, 1928, 1, 5);
insert into signal(id, id_sensor, id_type, id_measured_parameter) VALUES (49, 1929, 1, 23);
insert into signal(id, id_sensor, id_type, id_measured_parameter) VALUES (50, 1929, 1, 5);
insert into signal(id, id_sensor, id_type, id_measured_parameter) VALUES (51, 1930, 1, 23);
insert into signal(id, id_sensor, id_type, id_measured_parameter) VALUES (52, 1930, 1, 5);
insert into signal(id, id_sensor, id_type, id_measured_parameter) VALUES (53, 1931, 1, 23);
insert into signal(id, id_sensor, id_type, id_measured_parameter) VALUES (54, 1931, 1, 5);

insert into signal(id, id_sensor, id_type, id_measured_parameter) VALUES (55, 1934, 1, 4);
insert into signal(id, id_sensor, id_type, id_measured_parameter) VALUES (56, 1939, 1, 4);
insert into signal(id, id_sensor, id_type, id_measured_parameter) VALUES (57, 1940, 1, 4);
insert into signal(id, id_sensor, id_type, id_measured_parameter) VALUES (58, 1941, 1, 4);
insert into signal(id, id_sensor, id_type, id_measured_parameter) VALUES (59, 1942, 1, 4);
insert into signal(id, id_sensor, id_type, id_measured_parameter) VALUES (60, 1943, 1, 4);
insert into signal(id, id_sensor, id_type, id_measured_parameter) VALUES (61, 1945, 1, 4);
insert into signal(id, id_sensor, id_type, id_measured_parameter) VALUES (62, 1947, 1, 4);

insert into signal(id, id_sensor, id_type, id_measured_parameter) VALUES (63, 1971, 1, 2);
insert into signal(id, id_sensor, id_type, id_measured_parameter) VALUES (64, 1972, 1, 2);
insert into signal(id, id_sensor, id_type, id_measured_parameter) VALUES (65, 1973, 1, 2);
insert into signal(id, id_sensor, id_type, id_measured_parameter) VALUES (66, 1974, 1, 2);

insert into signal(id, id_sensor, id_type, id_measured_parameter) VALUES (67, 1976, 1, 1);
insert into signal(id, id_sensor, id_type, id_measured_parameter) VALUES (68, 1884, 1, 1);
insert into signal(id, id_sensor, id_type, id_measured_parameter) VALUES (69, 1884, 1, 2);
insert into signal(id, id_sensor, id_type, id_measured_parameter) VALUES (70, 1975, 1, 1);
insert into signal(id, id_sensor, id_type, id_measured_parameter) VALUES (71, 1975, 1, 2);
insert into signal(id, id_sensor, id_type, id_measured_parameter) VALUES (72, 1977, 1, 1);
insert into signal(id, id_sensor, id_type, id_measured_parameter) VALUES (73, 1978, 1, 1);
insert into signal(id, id_sensor, id_type, id_measured_parameter) VALUES (74, 1979, 1, 1);
insert into signal(id, id_sensor, id_type, id_measured_parameter) VALUES (75, 1980, 1, 1);
insert into signal(id, id_sensor, id_type, id_measured_parameter) VALUES (76, 1981, 1, 1);
insert into signal(id, id_sensor, id_type, id_measured_parameter) VALUES (77, 1982, 1, 1);
insert into signal(id, id_sensor, id_type, id_measured_parameter) VALUES (78, 1983, 1, 1);
insert into signal(id, id_sensor, id_type, id_measured_parameter) VALUES (79, 1984, 1, 1);
insert into signal(id, id_sensor, id_type, id_measured_parameter) VALUES (80, 1985, 1, 1);
insert into signal(id, id_sensor, id_type, id_measured_parameter) VALUES (81, 1986, 1, 1);
insert into signal(id, id_sensor, id_type, id_measured_parameter) VALUES (82, 1987, 1, 1);
insert into signal(id, id_sensor, id_type, id_measured_parameter) VALUES (83, 1988, 1, 1);
insert into signal(id, id_sensor, id_type, id_measured_parameter) VALUES (84, 1989, 1, 1);
insert into signal(id, id_sensor, id_type, id_measured_parameter) VALUES (85, 1990, 1, 1);
insert into signal(id, id_sensor, id_type, id_measured_parameter) VALUES (86, 1991, 1, 1);
insert into signal(id, id_sensor, id_type, id_measured_parameter) VALUES (87, 1992, 2, 1);
insert into signal(id, id_sensor, id_type, id_measured_parameter) VALUES (88, 1993, 2, 1);
insert into signal(id, id_sensor, id_type, id_measured_parameter) VALUES (89, 1994, 2, 1);
insert into signal(id, id_sensor, id_type, id_measured_parameter) VALUES (90, 1995, 2, 1);
insert into signal(id, id_sensor, id_type, id_measured_parameter) VALUES (91, 1996, 2, 1);
insert into signal(id, id_sensor, id_type, id_measured_parameter) VALUES (92, 1997, 2, 1);
insert into signal(id, id_sensor, id_type, id_measured_parameter) VALUES (93, 1998, 2, 1);
insert into signal(id, id_sensor, id_type, id_measured_parameter) VALUES (94, 1999, 2, 1);
insert into signal(id, id_sensor, id_type, id_measured_parameter) VALUES (95, 2000, 2, 1);
insert into signal(id, id_sensor, id_type, id_measured_parameter) VALUES (96, 2001, 2, 1);
insert into signal(id, id_sensor, id_type, id_measured_parameter) VALUES (97, 2002, 2, 1);
insert into signal(id, id_sensor, id_type, id_measured_parameter) VALUES (98, 2003, 2, 1);
insert into signal(id, id_sensor, id_type, id_measured_parameter) VALUES (99, 2004, 2, 1);
insert into signal(id, id_sensor, id_type, id_measured_parameter) VALUES (100, 2005, 2, 1);
insert into signal(id, id_sensor, id_type, id_measured_parameter) VALUES (101, 2006, 1, 1);
insert into signal(id, id_sensor, id_type, id_measured_parameter) VALUES (102, 2007, 1, 1);
insert into signal(id, id_sensor, id_type, id_measured_parameter) VALUES (103, 2008, 1, 1);
insert into signal(id, id_sensor, id_type, id_measured_parameter) VALUES (104, 2009, 1, 1);
insert into signal(id, id_sensor, id_type, id_measured_parameter) VALUES (105, 2010, 1, 1);
insert into signal(id, id_sensor, id_type, id_measured_parameter) VALUES (106, 2011, 1, 1);
insert into signal(id, id_sensor, id_type, id_measured_parameter) VALUES (107, 2012, 1, 1);
insert into signal(id, id_sensor, id_type, id_measured_parameter) VALUES (108, 2014, 1, 1);
insert into signal(id, id_sensor, id_type, id_measured_parameter) VALUES (109, 2013, 1, 1);
insert into signal(id, id_sensor, id_type, id_measured_parameter) VALUES (110, 2003, 1, 2);
insert into signal(id, id_sensor, id_type, id_measured_parameter) VALUES (111, 2007, 1, 2);
insert into signal(id, id_sensor, id_type, id_measured_parameter) VALUES (112, 2012, 1, 2);
insert into signal(id, id_sensor, id_type, id_measured_parameter) VALUES (113, 1974, 1, 1);
insert into signal(id, id_sensor, id_type, id_measured_parameter) VALUES (114, 1978, 1, 2);
insert into signal(id, id_sensor, id_type, id_measured_parameter) VALUES (115, 2006, 1, 2);
insert into signal(id, id_sensor, id_type, id_measured_parameter) VALUES (116, 1979, 1, 2);
insert into signal(id, id_sensor, id_type, id_measured_parameter) VALUES (117, 1983, 1, 2);
insert into signal(id, id_sensor, id_type, id_measured_parameter) VALUES (118, 2010, 1, 2);
insert into signal(id, id_sensor, id_type, id_measured_parameter) VALUES (119, 1984, 1, 2);
insert into signal(id, id_sensor, id_type, id_measured_parameter) VALUES (120, 2011, 1, 2);
insert into signal(id, id_sensor, id_type, id_measured_parameter) VALUES (121, 1973, 1, 1);
insert into signal(id, id_sensor, id_type, id_measured_parameter) VALUES (122, 1982, 1, 2);
insert into signal(id, id_sensor, id_type, id_measured_parameter) VALUES (123, 1977, 1, 2);
insert into signal(id, id_sensor, id_type, id_measured_parameter) VALUES (124, 1987, 1, 2);
insert into signal(id, id_sensor, id_type, id_measured_parameter) VALUES (125, 1996, 1, 2);
insert into signal(id, id_sensor, id_type, id_measured_parameter) VALUES (126, 1991, 1, 2);
insert into signal(id, id_sensor, id_type, id_measured_parameter) VALUES (127, 2000, 1, 2);
insert into signal(id, id_sensor, id_type, id_measured_parameter) VALUES (128, 2002, 1, 2);
insert into signal(id, id_sensor, id_type, id_measured_parameter) VALUES (129, 2005, 1, 2);
insert into signal(id, id_sensor, id_type, id_measured_parameter) VALUES (130, 2009, 1, 2);
insert into signal(id, id_sensor, id_type, id_measured_parameter) VALUES (131, 2014, 1, 2);
insert into signal(id, id_sensor, id_type, id_measured_parameter) VALUES (132, 1990, 1, 2);
insert into signal(id, id_sensor, id_type, id_measured_parameter) VALUES (133, 1994, 1, 2);
insert into signal(id, id_sensor, id_type, id_measured_parameter) VALUES (134, 1972, 1, 1);
insert into signal(id, id_sensor, id_type, id_measured_parameter) VALUES (135, 1976, 1, 2);
insert into signal(id, id_sensor, id_type, id_measured_parameter) VALUES (136, 1981, 1, 2);
insert into signal(id, id_sensor, id_type, id_measured_parameter) VALUES (137, 1995, 1, 2);
insert into signal(id, id_sensor, id_type, id_measured_parameter) VALUES (138, 1999, 1, 2);
insert into signal(id, id_sensor, id_type, id_measured_parameter) VALUES (139, 2001, 1, 2);
insert into signal(id, id_sensor, id_type, id_measured_parameter) VALUES (140, 1986, 1, 2);
insert into signal(id, id_sensor, id_type, id_measured_parameter) VALUES (141, 1989, 1, 2);
insert into signal(id, id_sensor, id_type, id_measured_parameter) VALUES (142, 1993, 1, 2);
insert into signal(id, id_sensor, id_type, id_measured_parameter) VALUES (143, 1998, 1, 2);
insert into signal(id, id_sensor, id_type, id_measured_parameter) VALUES (144, 2004, 1, 2);
insert into signal(id, id_sensor, id_type, id_measured_parameter) VALUES (145, 2008, 1, 2);
insert into signal(id, id_sensor, id_type, id_measured_parameter) VALUES (146, 2013, 1, 2);
insert into signal(id, id_sensor, id_type, id_measured_parameter) VALUES (147, 1971, 1, 1);
insert into signal(id, id_sensor, id_type, id_measured_parameter) VALUES (148, 1980, 1, 2);
insert into signal(id, id_sensor, id_type, id_measured_parameter) VALUES (149, 1985, 1, 2);
insert into signal(id, id_sensor, id_type, id_measured_parameter) VALUES (150, 1988, 1, 2);
insert into signal(id, id_sensor, id_type, id_measured_parameter) VALUES (151, 1997, 1, 2);
insert into signal(id, id_sensor, id_type, id_measured_parameter) VALUES (152, 1992, 1, 2);
insert into signal(id, id_sensor, id_type, id_measured_parameter) VALUES (153, 1957, 1, 2);
insert into signal(id, id_sensor, id_type, id_measured_parameter) VALUES (154, 1957, 1, 1);
insert into signal(id, id_sensor, id_type, id_measured_parameter) VALUES (157, 1861, 1, 47);
insert into signal(id, id_sensor, id_type, id_measured_parameter) VALUES (158, 1862, 1, 47);
insert into signal(id, id_sensor, id_type, id_measured_parameter) VALUES (159, 1863, 1, 47);
insert into signal(id, id_sensor, id_type, id_measured_parameter) VALUES (160, 1864, 1, 42);
insert into signal(id, id_sensor, id_type, id_measured_parameter) VALUES (161, 1864, 1, 43);
insert into signal(id, id_sensor, id_type, id_measured_parameter) VALUES (162, 1866, 1, 42);
insert into signal(id, id_sensor, id_type, id_measured_parameter) VALUES (163, 1866, 1, 43);
insert into signal(id, id_sensor, id_type, id_measured_parameter) VALUES (164, 1867, 1, 42);
insert into signal(id, id_sensor, id_type, id_measured_parameter) VALUES (165, 1867, 2, 43);
insert into signal(id, id_sensor, id_type, id_measured_parameter) VALUES (166, 1876, 2, 6);
insert into signal(id, id_sensor, id_type, id_measured_parameter) VALUES (167, 1874, 2, 6);
insert into signal(id, id_sensor, id_type, id_measured_parameter) VALUES (168, 1875, 2, 6);
insert into signal(id, id_sensor, id_type, id_measured_parameter) VALUES (169, 1877, 2, 6);
insert into signal(id, id_sensor, id_type, id_measured_parameter) VALUES (170, 1878, 2, 6);
insert into signal(id, id_sensor, id_type, id_measured_parameter) VALUES (171, 1879, 2, 6);
insert into signal(id, id_sensor, id_type, id_measured_parameter) VALUES (172, 1880, 2, 6);
insert into signal(id, id_sensor, id_type, id_measured_parameter) VALUES (173, 1881, 2, 6);
insert into signal(id, id_sensor, id_type, id_measured_parameter) VALUES (174, 1882, 2, 6);
insert into signal(id, id_sensor, id_type, id_measured_parameter) VALUES (175, 1883, 2, 6);
insert into signal(id, id_sensor, id_type, id_measured_parameter) VALUES (176, 1962, 2, 2);
insert into signal(id, id_sensor, id_type, id_measured_parameter) VALUES (177, 1962, 2, 1);
insert into signal(id, id_sensor, id_type, id_measured_parameter) VALUES (178, 1871, 2, 6);
insert into signal(id, id_sensor, id_type, id_measured_parameter) VALUES (179, 1872, 2, 6);