-- Заполнение таблицы объекты мониторинга
insert into object_monitor VALUES (1, 'Плотина');

-- Заполнение таблицы видов сигналов
insert into signal_type VALUES (1, 'Аналоговый');
insert into signal_type VALUES (2, 'Цифровой');

-- Заполнение Заполнение таблицы измеряемых параметров
insert into measured_parameter VALUES (4, 'Tемпература - длина волны, нм', 0);
insert into measured_parameter VALUES (35, 'Арм. динамометры - Напряжение, МПа', 0);
insert into measured_parameter VALUES (17, 'Арм.динамометр - период, мкс', 0);
insert into measured_parameter VALUES (18, 'Арм.динамометр - сопротивление, Ом', 0);
insert into measured_parameter VALUES (39, 'Бьеф - Уровень, м', 0);
insert into measured_parameter VALUES (52, 'ВП - V потока, м/с', 0);
insert into measured_parameter VALUES (37, 'ВП - расход, л/с', 0);
insert into measured_parameter VALUES (6, 'ВП - ток (4-20 mA)', 0);
insert into measured_parameter VALUES (27, 'ДД - давление, м', 0);
insert into measured_parameter VALUES (22, 'ДД - длина волны, нм (атм. давл)', 0);
insert into measured_parameter VALUES (24, 'ДД - длина волны, нм (температура)', 0);
insert into measured_parameter VALUES (1, 'ДУ - длина волны, нм (температура)', 0);
insert into measured_parameter VALUES (2, 'ДУ - длина волны, нм (уровень воды)', 0);
insert into measured_parameter VALUES (25, 'ДУ - уровень, м', 0);
insert into measured_parameter VALUES (8, 'Датчик блока питания шкафа', 0);
insert into measured_parameter VALUES (5, 'Датчик линейных перемещений - длина волны, нм (раскр)', 0);
insert into measured_parameter VALUES (23, 'Датчик линейных перемещений - длина волны, нм (температура)', 0);
insert into measured_parameter VALUES (28, 'Датчик линейных перемещений - раскрытие, мм', 0);
insert into measured_parameter VALUES (42, 'Отклонение X, мм', 0);
insert into measured_parameter VALUES (43, 'Отклонение Y, мм', 0);
insert into measured_parameter VALUES (7, 'Охранный датчик двери шкафа', 0);
insert into measured_parameter VALUES (33, 'Пьезодинамометр - Давление, МПа', 0);
insert into measured_parameter VALUES (11, 'Пьезодинамометр - период, мкс', 0);
insert into measured_parameter VALUES (12, 'Пьезодинамометр - сопротивление, Ом', 0);
insert into measured_parameter VALUES (56, 'Пьезометр - Замер, м.вод.ст.', 0);
insert into measured_parameter VALUES (55, 'Пьезометр - Ток, mA', 0);
insert into measured_parameter VALUES (47, 'Расстояние до воды в ОДГН, мм', 0);
insert into measured_parameter VALUES (40, 'Т возд. - Температура, °C', 0);
insert into measured_parameter VALUES (30, 'Температура (калиброванная), °C', 0);
insert into measured_parameter VALUES (32, 'ТензоТермометр - Температура, °C', 0);
insert into measured_parameter VALUES (31, 'ТензоТермометр - деформация, e-5', 0);
insert into measured_parameter VALUES (15, 'ТензоТермометр - период, мкс', 0);
insert into measured_parameter VALUES (16, 'ТензоТермометр - сопротивление, Ом', 0);
insert into measured_parameter VALUES (38, 'Тензометр струнный - Деформация, e-5', 0);
insert into measured_parameter VALUES (19, 'Тензометр струнный - период, мкс', 0);
insert into measured_parameter VALUES (20, 'Тензометр струнный - сопротивление, Ом', 0);
insert into measured_parameter VALUES (13, 'Термометр струнный - период, мс', 0);
insert into measured_parameter VALUES (14, 'Термометр струнный - сопротивление, Ом', 0);
insert into measured_parameter VALUES (34, 'Щелемер струнный - Раскрытие, мм', 0);
insert into measured_parameter VALUES (9, 'Щелемер струнный - период, мкс', 0);
insert into measured_parameter VALUES (10, 'Щелемер струнный - сопротивление, Ом', 0);

-- Заполнение таблицы датчиков
insert into sensor VALUES (3685, 'ЩА-1', 1, 'Волоконно-оптические', 1, true);
insert into sensor VALUES (3686, 'ЩА-2', 1, 'Волоконно-оптические', 1, true);
insert into sensor VALUES (3687, 'ЩА-3', 1, 'Волоконно-оптические', 1, true);
insert into sensor VALUES (3688, 'ЩА-4', 1, 'Волоконно-оптические', 1, true);
insert into sensor VALUES (3689, 'ЩА-5', 1, 'Волоконно-оптические', 1, true);
insert into sensor VALUES (3690, 'ЩА-6', 1, 'Волоконно-оптические', 1, true);
insert into sensor VALUES (3691, 'ЩА-7', 1, 'Волоконно-оптические', 1, true);
insert into sensor VALUES (3692, 'ЩА-8', 1, 'Волоконно-оптические', 1, true);
insert into sensor VALUES (3693, 'ЩА-9', 1, 'Волоконно-оптические', 1, true);
insert into sensor VALUES (3694, 'ЩА-10', 1, 'Волоконно-оптические', 1, true);
insert into sensor VALUES (3695, 'ЩА-11', 1, 'Волоконно-оптические', 1, true);
insert into sensor VALUES (3696, 'ЩА-12', 1, 'Волоконно-оптические', 1, true);
insert into sensor VALUES (3697, 'ЩА-13', 1, 'Волоконно-оптические', 1, true);
insert into sensor VALUES (3698, 'ЩА-14', 1, 'Волоконно-оптические', 1, true);
insert into sensor VALUES (3699, 'ЩА-15', 1, 'Волоконно-оптические', 1, true);
insert into sensor VALUES (3700, 'ЩА-16', 1, 'Волоконно-оптические', 1, true);
insert into sensor VALUES (3732, 'ТВ-1', 1, 'Волоконно-оптические', 1, true);
insert into sensor VALUES (3733, 'ТБ-1', 1, 'Волоконно-оптические', 1, true);
insert into sensor VALUES (3734, 'ТБ-2', 1, 'Волоконно-оптические', 1, true);
insert into sensor VALUES (3735, 'ТБ-3', 1, 'Волоконно-оптические', 1, true);
insert into sensor VALUES (3751, 'ВП-16', 1, 'Волоконно-оптические', 1, true);
insert into sensor VALUES (3701, 'ДО-1', 1, 'Цифровые', 1, true);
insert into sensor VALUES (3703, 'ДО-2', 1, 'Цифровые', 1, true);
insert into sensor VALUES (3704, 'ДО-3', 1, 'Цифровые', 1, true);
insert into sensor VALUES (3705, 'ДО-4', 1, 'Цифровые', 1, true);
insert into sensor VALUES (3706, 'ДО-5', 1, 'Цифровые', 1, true);
insert into sensor VALUES (3707, 'ДО-6', 1, 'Цифровые', 1, true);
insert into sensor VALUES (3708, 'ДОО-1', 1, 'Цифровые', 1, true);
insert into sensor VALUES (3709, 'ДОО-2', 1, 'Цифровые', 1, true);
insert into sensor VALUES (3710, 'ДОО-3', 1, 'Цифровые', 1, true);
insert into sensor VALUES (3711, 'ОДГН-1-1', 1, 'Цифровые', 1, true);
insert into sensor VALUES (3712, 'ОДГН-1-2', 1, 'Цифровые', 1, true);
insert into sensor VALUES (3713, 'ОДГН-2-1', 1, 'Цифровые', 1, true);
insert into sensor VALUES (3714, 'ОДГН-2-2', 1, 'Цифровые', 1, true);
insert into sensor VALUES (3715, 'ОДГН-3-1', 1, 'Цифровые', 1, true);
insert into sensor VALUES (3716, 'ОДГН-3-2', 1, 'Цифровые', 1, true);
insert into sensor VALUES (3717, 'ОДГН-4-1', 1, 'Цифровые', 1, true);
insert into sensor VALUES (3718, 'ОДГН-4-2', 1, 'Цифровые', 1, true);
insert into sensor VALUES (3719, 'ОДГН-5-1', 1, 'Цифровые', 1, true);
insert into sensor VALUES (3720, 'ОДГН-5-2', 1, 'Цифровые', 1, true);
insert into sensor VALUES (3721, 'ОДГН-6-1', 1, 'Цифровые', 1, true);
insert into sensor VALUES (3722, 'ОДГН-6-2', 1, 'Цифровые', 1, true);
insert into sensor VALUES (3747, 'ВП-12', 1, 'Цифровые', 1, true);
insert into sensor VALUES (3748, 'ВП-13', 1, 'Цифровые', 1, true);
insert into sensor VALUES (3749, 'ВП-14', 1, 'Цифровые', 1, true);
insert into sensor VALUES (3750, 'ВП-15', 1, 'Цифровые', 1, true);
insert into sensor VALUES (3736, 'ВП-1', 1, 'Токовые', 1, true);
insert into sensor VALUES (3737, 'ВП-2', 1, 'Токовые', 1, true);
insert into sensor VALUES (3738, 'ВП-3', 1, 'Токовые', 1, true);
insert into sensor VALUES (3739, 'ВП-4', 1, 'Токовые', 1, true);
insert into sensor VALUES (3740, 'ВП-5', 1, 'Токовые', 1, true);
insert into sensor VALUES (3741, 'ВП-6', 1, 'Токовые', 1, true);
insert into sensor VALUES (3742, 'ВП-7', 1, 'Токовые', 1, true);
insert into sensor VALUES (3743, 'ВП-8', 1, 'Токовые', 1, true);
insert into sensor VALUES (3744, 'ВП-9', 1, 'Токовые', 1, true);
insert into sensor VALUES (3745, 'ВП-10', 1, 'Токовые', 1, true);
insert into sensor VALUES (3746, 'ВП-11', 1, 'Токовые', 1, true);
insert into sensor VALUES (3723, 'Пп-1', 1, 'Токовые', 1, true);
insert into sensor VALUES (3724, 'Пп-2', 1, 'Токовые', 1, true);
insert into sensor VALUES (3725, 'Пп-3', 1, 'Токовые', 1, true);
insert into sensor VALUES (3726, 'Пп-4', 1, 'Токовые', 1, true);
insert into sensor VALUES (3727, 'Пп-5', 1, 'Токовые', 1, true);
insert into sensor VALUES (3728, 'Пп-6', 1, 'Токовые', 1, true);
insert into sensor VALUES (3729, 'Пп-7', 1, 'Токовые', 1, true);
insert into sensor VALUES (3730, 'Пп-8', 1, 'Токовые', 1, true);
insert into sensor VALUES (3731, 'Пп-9', 1, 'Токовые', 1, true);



-- Заполнение таблицы сигналов
insert into signal(id, id_sensor, id_type, id_measured_parameter) VALUES (1, 3685, 1, 5);
insert into signal(id, id_sensor, id_type, id_measured_parameter) VALUES (2, 3685, 1, 23);
insert into signal(id, id_sensor, id_type, id_measured_parameter) VALUES (3, 3686, 1, 5);
insert into signal(id, id_sensor, id_type, id_measured_parameter) VALUES (4, 3686, 1, 23);
insert into signal(id, id_sensor, id_type, id_measured_parameter) VALUES (5, 3687, 1, 5);
insert into signal(id, id_sensor, id_type, id_measured_parameter) VALUES (6, 3687, 1, 23);
insert into signal(id, id_sensor, id_type, id_measured_parameter) VALUES (7, 3688, 1, 5);
insert into signal(id, id_sensor, id_type, id_measured_parameter) VALUES (8, 3688, 1, 23);
insert into signal(id, id_sensor, id_type, id_measured_parameter) VALUES (9, 3689, 1, 5);
insert into signal(id, id_sensor, id_type, id_measured_parameter) VALUES (10, 3689, 1, 23);
insert into signal(id, id_sensor, id_type, id_measured_parameter) VALUES (11, 3690, 1, 5);
insert into signal(id, id_sensor, id_type, id_measured_parameter) VALUES (12, 3690, 1, 23);
insert into signal(id, id_sensor, id_type, id_measured_parameter) VALUES (13, 3691, 1, 5);
insert into signal(id, id_sensor, id_type, id_measured_parameter) VALUES (14, 3691, 1, 23);
insert into signal(id, id_sensor, id_type, id_measured_parameter) VALUES (15, 3692, 1, 5);
insert into signal(id, id_sensor, id_type, id_measured_parameter) VALUES (16, 3692, 1, 23);
insert into signal(id, id_sensor, id_type, id_measured_parameter) VALUES (17, 3693, 1, 5);
insert into signal(id, id_sensor, id_type, id_measured_parameter) VALUES (18, 3693, 1, 23);
insert into signal(id, id_sensor, id_type, id_measured_parameter) VALUES (19, 3694, 1, 5);
insert into signal(id, id_sensor, id_type, id_measured_parameter) VALUES (20, 3694, 1, 23);
insert into signal(id, id_sensor, id_type, id_measured_parameter) VALUES (21, 3695, 1, 5);
insert into signal(id, id_sensor, id_type, id_measured_parameter) VALUES (22, 3695, 1, 23);
insert into signal(id, id_sensor, id_type, id_measured_parameter) VALUES (23, 3696, 1, 5);
insert into signal(id, id_sensor, id_type, id_measured_parameter) VALUES (24, 3696, 1, 23);
insert into signal(id, id_sensor, id_type, id_measured_parameter) VALUES (25, 3697, 1, 5);
insert into signal(id, id_sensor, id_type, id_measured_parameter) VALUES (26, 3697, 1, 23);
insert into signal(id, id_sensor, id_type, id_measured_parameter) VALUES (27, 3698, 1, 5);
insert into signal(id, id_sensor, id_type, id_measured_parameter) VALUES (28, 3698, 1, 23);
insert into signal(id, id_sensor, id_type, id_measured_parameter) VALUES (29, 3699, 1, 5);
insert into signal(id, id_sensor, id_type, id_measured_parameter) VALUES (30, 3699, 1, 23);
insert into signal(id, id_sensor, id_type, id_measured_parameter) VALUES (31, 3700, 1, 5);
insert into signal(id, id_sensor, id_type, id_measured_parameter) VALUES (32, 3700, 1, 23);
insert into signal(id, id_sensor, id_type, id_measured_parameter) VALUES (33, 3701, 1, 42);
insert into signal(id, id_sensor, id_type, id_measured_parameter) VALUES (34, 3701, 1, 43);
insert into signal(id, id_sensor, id_type, id_measured_parameter) VALUES (35, 3703, 1, 42);
insert into signal(id, id_sensor, id_type, id_measured_parameter) VALUES (36, 3703, 1, 43);
insert into signal(id, id_sensor, id_type, id_measured_parameter) VALUES (37, 3704, 1, 42);
insert into signal(id, id_sensor, id_type, id_measured_parameter) VALUES (38, 3704, 1, 43);
insert into signal(id, id_sensor, id_type, id_measured_parameter) VALUES (39, 3705, 1, 42);
insert into signal(id, id_sensor, id_type, id_measured_parameter) VALUES (40, 3705, 1, 43);
insert into signal(id, id_sensor, id_type, id_measured_parameter) VALUES (41, 3706, 1, 42);
insert into signal(id, id_sensor, id_type, id_measured_parameter) VALUES (42, 3706, 1, 43);
insert into signal(id, id_sensor, id_type, id_measured_parameter) VALUES (43, 3707, 1, 42);
insert into signal(id, id_sensor, id_type, id_measured_parameter) VALUES (44, 3707, 1, 43);
insert into signal(id, id_sensor, id_type, id_measured_parameter) VALUES (45, 3708, 1, 42);
insert into signal(id, id_sensor, id_type, id_measured_parameter) VALUES (46, 3708, 1, 43);
insert into signal(id, id_sensor, id_type, id_measured_parameter) VALUES (47, 3709, 1, 42);
insert into signal(id, id_sensor, id_type, id_measured_parameter) VALUES (48, 3709, 1, 43);
insert into signal(id, id_sensor, id_type, id_measured_parameter) VALUES (49, 3710, 1, 42);
insert into signal(id, id_sensor, id_type, id_measured_parameter) VALUES (50, 3710, 1, 43);
insert into signal(id, id_sensor, id_type, id_measured_parameter) VALUES (51, 3711, 1, 47);
insert into signal(id, id_sensor, id_type, id_measured_parameter) VALUES (52, 3712, 1, 47);
insert into signal(id, id_sensor, id_type, id_measured_parameter) VALUES (53, 3713, 1, 47);
insert into signal(id, id_sensor, id_type, id_measured_parameter) VALUES (54, 3714, 1, 47);
insert into signal(id, id_sensor, id_type, id_measured_parameter) VALUES (55, 3715, 1, 47);
insert into signal(id, id_sensor, id_type, id_measured_parameter) VALUES (56, 3716, 1, 47);
insert into signal(id, id_sensor, id_type, id_measured_parameter) VALUES (57, 3717, 1, 47);
insert into signal(id, id_sensor, id_type, id_measured_parameter) VALUES (58, 3718, 1, 47);
insert into signal(id, id_sensor, id_type, id_measured_parameter) VALUES (59, 3719, 1, 47);
insert into signal(id, id_sensor, id_type, id_measured_parameter) VALUES (60, 3720, 1, 47);
insert into signal(id, id_sensor, id_type, id_measured_parameter) VALUES (61, 3721, 1, 47);
insert into signal(id, id_sensor, id_type, id_measured_parameter) VALUES (62, 3722, 1, 47);
insert into signal(id, id_sensor, id_type, id_measured_parameter) VALUES (63, 3723, 1, 55);
insert into signal(id, id_sensor, id_type, id_measured_parameter) VALUES (64, 3723, 1, 56);
insert into signal(id, id_sensor, id_type, id_measured_parameter) VALUES (65, 3724, 1, 55);
insert into signal(id, id_sensor, id_type, id_measured_parameter) VALUES (66, 3724, 1, 56);
insert into signal(id, id_sensor, id_type, id_measured_parameter) VALUES (67, 3725, 1, 55);
insert into signal(id, id_sensor, id_type, id_measured_parameter) VALUES (68, 3725, 1, 56);
insert into signal(id, id_sensor, id_type, id_measured_parameter) VALUES (69, 3726, 1, 55);
insert into signal(id, id_sensor, id_type, id_measured_parameter) VALUES (70, 3726, 1, 56);
insert into signal(id, id_sensor, id_type, id_measured_parameter) VALUES (71, 3727, 1, 55);
insert into signal(id, id_sensor, id_type, id_measured_parameter) VALUES (72, 3727, 1, 56);
insert into signal(id, id_sensor, id_type, id_measured_parameter) VALUES (73, 3728, 1, 55);
insert into signal(id, id_sensor, id_type, id_measured_parameter) VALUES (74, 3728, 1, 56);
insert into signal(id, id_sensor, id_type, id_measured_parameter) VALUES (75, 3729, 1, 55);
insert into signal(id, id_sensor, id_type, id_measured_parameter) VALUES (76, 3729, 1, 56);
insert into signal(id, id_sensor, id_type, id_measured_parameter) VALUES (77, 3730, 1, 55);
insert into signal(id, id_sensor, id_type, id_measured_parameter) VALUES (78, 3730, 1, 56);
insert into signal(id, id_sensor, id_type, id_measured_parameter) VALUES (79, 3731, 1, 55);
insert into signal(id, id_sensor, id_type, id_measured_parameter) VALUES (80, 3731, 1, 56);
insert into signal(id, id_sensor, id_type, id_measured_parameter) VALUES (81, 3732, 1, 4);
insert into signal(id, id_sensor, id_type, id_measured_parameter) VALUES (82, 3732, 1, 30);
insert into signal(id, id_sensor, id_type, id_measured_parameter) VALUES (83, 3733, 1, 4);
insert into signal(id, id_sensor, id_type, id_measured_parameter) VALUES (84, 3733, 1, 30);
insert into signal(id, id_sensor, id_type, id_measured_parameter) VALUES (85, 3734, 1, 4);
insert into signal(id, id_sensor, id_type, id_measured_parameter) VALUES (86, 3734, 1, 30);
insert into signal(id, id_sensor, id_type, id_measured_parameter) VALUES (87, 3735, 1, 4);
insert into signal(id, id_sensor, id_type, id_measured_parameter) VALUES (88, 3735, 1, 30);
insert into signal(id, id_sensor, id_type, id_measured_parameter) VALUES (89, 3736, 1, 6);
insert into signal(id, id_sensor, id_type, id_measured_parameter) VALUES (90, 3737, 1, 6);
insert into signal(id, id_sensor, id_type, id_measured_parameter) VALUES (91, 3738, 1, 6);
insert into signal(id, id_sensor, id_type, id_measured_parameter) VALUES (92, 3739, 1, 6);
insert into signal(id, id_sensor, id_type, id_measured_parameter) VALUES (93, 3740, 1, 6);
insert into signal(id, id_sensor, id_type, id_measured_parameter) VALUES (94, 3741, 1, 6);
insert into signal(id, id_sensor, id_type, id_measured_parameter) VALUES (95, 3742, 1, 6);
insert into signal(id, id_sensor, id_type, id_measured_parameter) VALUES (96, 3743, 1, 6);
insert into signal(id, id_sensor, id_type, id_measured_parameter) VALUES (97, 3744, 1, 6);
insert into signal(id, id_sensor, id_type, id_measured_parameter) VALUES (98, 3745, 1, 6);
insert into signal(id, id_sensor, id_type, id_measured_parameter) VALUES (99, 3746, 1, 6);
insert into signal(id, id_sensor, id_type, id_measured_parameter) VALUES (100, 3747, 1, 52);
insert into signal(id, id_sensor, id_type, id_measured_parameter) VALUES (101, 3748, 1, 52);
insert into signal(id, id_sensor, id_type, id_measured_parameter) VALUES (102, 3749, 1, 52);
insert into signal(id, id_sensor, id_type, id_measured_parameter) VALUES (103, 3750, 1, 52);
insert into signal(id, id_sensor, id_type, id_measured_parameter) VALUES (104, 3751, 1, 2);
insert into signal(id, id_sensor, id_type, id_measured_parameter) VALUES (105, 3751, 1, 1);
insert into signal(id, id_sensor, id_type, id_measured_parameter) VALUES (106, 3751, 1, 25);