-- Заполнение таблицы объекты мониторинга
insert into object_monitor VALUES (1, 'Плотина');
insert into object_monitor VALUES (2, 'Здание ГЭС Сухая потерна Сек. 1');
insert into object_monitor VALUES (3, 'Здание ГЭС Сухая потерна Сек. 2');
insert into object_monitor VALUES (4, 'Здание ГЭС Сухая потерна Сек. 3');
insert into object_monitor VALUES (5, 'Здание ГЭС Сухая потерна Сек. 4');
insert into object_monitor VALUES (6, 'Здание ГЭС Сухая потерна Сек. 5');
insert into object_monitor VALUES (7, 'Здание ГЭС Сухая потерна Сек. 6');
insert into object_monitor VALUES (8, 'Здание ГЭС Сухая потерна Сек. 7');
insert into object_monitor VALUES (9, 'Здание ГЭС Сухая потерна Сек. 8');
insert into object_monitor VALUES (10, 'Здание ГЭС Сухая потерна Сек. 9');
insert into object_monitor VALUES (11, 'Водосливная плотина Сухая потерна Сек. 1');
insert into object_monitor VALUES (12, 'Водосливная плотина Сухая потерна Сек. 2');
insert into object_monitor VALUES (13, 'Насосная станция пожаротушения отм. 40,0');
insert into object_monitor VALUES (14, 'Мост нижнего бьефа');
insert into object_monitor VALUES (15, 'Монтажная площадка');
insert into object_monitor VALUES (16, 'Здание ГЭС Сек. 1');
insert into object_monitor VALUES (17, 'Здание ГЭС Сек. 2');
insert into object_monitor VALUES (18, 'Здание ГЭС Сек. 3');
insert into object_monitor VALUES (19, 'Здание ГЭС Сек. 4');
insert into object_monitor VALUES (20, 'Здание ГЭС Сек. 5');
insert into object_monitor VALUES (21, 'Здание ГЭС Сек. 6');
insert into object_monitor VALUES (22, 'Здание ГЭС Сек. 7');
insert into object_monitor VALUES (23, 'Здание ГЭС Сек. 8');
insert into object_monitor VALUES (24, 'Кабельный тоннель');
insert into object_monitor VALUES (25, 'Кабельная галерея');
insert into object_monitor VALUES (26, 'Коммуникац. мост');
insert into object_monitor VALUES (27, 'Левобережное сопряжение. Верхний бьеф');
insert into object_monitor VALUES (28, 'Левобережное сопряжение. Нижний бьеф');
insert into object_monitor VALUES (29, 'Правобережное сопряжение. Верхний бьеф');
insert into object_monitor VALUES (30, 'Правобережное сопряжение. Нижний бьеф');
insert into object_monitor VALUES (31, 'Правобережн. сопряжение');
insert into object_monitor VALUES (32, 'Левобережн. сопряжение');
insert into object_monitor VALUES (33, 'Земляная плотина');
insert into object_monitor VALUES (34, 'Шкаф АСО КИА');

-- Заполнение таблицы видов сигналов
insert into signal_type VALUES (1, 'Аналоговый');
insert into signal_type VALUES (2, 'Цифровой');
insert into signal_type VALUES (3, 'Токовый');
insert into signal_type VALUES (4, 'Оптический');

-- Заполнение Заполнение таблицы измеряемых параметров
insert into measured_parameter VALUES (4, 'Tемпература - длина волны, нм', 1);
insert into measured_parameter VALUES (35, 'Арм. динамометры - Напряжение, МПа', 1);
insert into measured_parameter VALUES (17, 'Арм.динамометр - период, мкс', 1);
insert into measured_parameter VALUES (18, 'Арм.динамометр - сопротивление, Ом', 1);
insert into measured_parameter VALUES (39, 'Бьеф - Уровень, м', 1);
insert into measured_parameter VALUES (52, 'ВП - V потока, м/с', 1);
insert into measured_parameter VALUES (37, 'ВП - расход, л/с', 1);
insert into measured_parameter VALUES (6, 'ВП - ток (4-20 mA)', 1);
insert into measured_parameter VALUES (27, 'ДД - давление, м', 1);
insert into measured_parameter VALUES (22, 'ДД - длина волны, нм (атм. давл)', 1);
insert into measured_parameter VALUES (24, 'ДД - длина волны, нм (температура)', 1);
insert into measured_parameter VALUES (1, 'ДУ - длина волны, нм (температура)', 1);
insert into measured_parameter VALUES (2, 'ДУ - длина волны, нм (уровень воды)', 1);
insert into measured_parameter VALUES (25, 'ДУ - уровень, м', 1);
insert into measured_parameter VALUES (8, 'Датчик блока питания шкафа', 1);
insert into measured_parameter VALUES (5, 'Датчик линейных перемещений - длина волны, нм (раскр)', 1);
insert into measured_parameter VALUES (23, 'Датчик линейных перемещений - длина волны, нм (температура)', 1);
insert into measured_parameter VALUES (28, 'Датчик линейных перемещений - раскрытие, мм', 1);
insert into measured_parameter VALUES (42, 'Отклонение X, мм', 1);
insert into measured_parameter VALUES (43, 'Отклонение Y, мм', 1);
insert into measured_parameter VALUES (7, 'Охранный датчик двери шкафа', 1);
insert into measured_parameter VALUES (33, 'Пьезодинамометр - Давление, МПа', 1);
insert into measured_parameter VALUES (11, 'Пьезодинамометр - период, мкс', 1);
insert into measured_parameter VALUES (12, 'Пьезодинамометр - сопротивление, Ом', 1);
insert into measured_parameter VALUES (56, 'Пьезометр - Замер, м.вод.ст.', 1);
insert into measured_parameter VALUES (55, 'Пьезометр - Ток, mA', 1);
insert into measured_parameter VALUES (47, 'Расстояние до воды в ОДГН, мм', 1);
insert into measured_parameter VALUES (40, 'Т возд. - Температура, °C', 1);
insert into measured_parameter VALUES (30, 'Температура (калиброванная), °C', 1);
insert into measured_parameter VALUES (32, 'ТензоТермометр - Температура, °C', 1);
insert into measured_parameter VALUES (31, 'ТензоТермометр - деформация, e-5', 1);
insert into measured_parameter VALUES (15, 'ТензоТермометр - период, мкс', 1);
insert into measured_parameter VALUES (16, 'ТензоТермометр - сопротивление, Ом', 1);
insert into measured_parameter VALUES (38, 'Тензометр струнный - Деформация, e-5', 1);
insert into measured_parameter VALUES (19, 'Тензометр струнный - период, мкс', 1);
insert into measured_parameter VALUES (20, 'Тензометр струнный - сопротивление, Ом', 1);
insert into measured_parameter VALUES (13, 'Термометр струнный - период, мс', 1);
insert into measured_parameter VALUES (14, 'Термометр струнный - сопротивление, Ом', 1);
insert into measured_parameter VALUES (34, 'Щелемер струнный - Раскрытие, мм', 1);
insert into measured_parameter VALUES (9, 'Щелемер струнный - период, мкс', 1);
insert into measured_parameter VALUES (10, 'Щелемер струнный - сопротивление, Ом', 1);

insert into measured_parameter VALUES (101, 'Пьезометр - давление, mA', 1);
insert into measured_parameter VALUES (102, 'Уровень воды в пьезометре, mA', 1);
insert into measured_parameter VALUES (103, 'Давление в спир. камере', 1);
insert into measured_parameter VALUES (104, 'Уровень воды в мокрой потерне', 1);
insert into measured_parameter VALUES (105, 'Температура', 1);
insert into measured_parameter VALUES (106, 'Влажность', 1);
insert into measured_parameter VALUES (107, 'Расход воды', 1);
insert into measured_parameter VALUES (108, 'Уровень воды', 1);
insert into measured_parameter VALUES (109, 'Уровень верхнего бьефа', 1);
insert into measured_parameter VALUES (110, 'Уровень нижнего бьефа', 1);

insert into measured_parameter VALUES (111, 'Температура воды и воздуха.1', 1);
insert into measured_parameter VALUES (112, 'Температура воды и воздуха.2', 1);
insert into measured_parameter VALUES (113, 'Температура воды и воздуха.3', 1);
insert into measured_parameter VALUES (114, 'Температура воды и воздуха.4', 1);
insert into measured_parameter VALUES (115, 'Температура воды и воздуха.5', 1);
insert into measured_parameter VALUES (116, 'Температура воды и воздуха.6', 1);
insert into measured_parameter VALUES (117, 'Температура воды и воздуха.7', 1);
insert into measured_parameter VALUES (118, 'Температура воды и воздуха.8', 1);
insert into measured_parameter VALUES (119, 'Температура воды и воздуха.9', 1);
insert into measured_parameter VALUES (120, 'Температура воды и воздуха.10', 1);
insert into measured_parameter VALUES (121, 'Температура воды и воздуха.11', 1);
insert into measured_parameter VALUES (122, 'Температура воды и воздуха.12', 1);

insert into measured_parameter VALUES (123, 'Уровень воды в пьезометре, нм', 1);
insert into measured_parameter VALUES (124, 'Температура воды, нм', 1);
insert into measured_parameter VALUES (125, 'Атмосферное давление', 1);

-- Заполнение таблицы датчиков
insert into sensor(id, name, id_object_monitor, type, on_sensor) VALUES (1, '1ПД4_1', 2, 'Токовый', 1);
insert into sensor(id, name, id_object_monitor, type, on_sensor) VALUES (2, '1ПД3_1', 2, 'Токовый', 1);
insert into sensor(id, name, id_object_monitor, type, on_sensor) VALUES (3, '1ПБ3_1', 2, 'Токовый', 1);
insert into sensor(id, name, id_object_monitor, type, on_sensor) VALUES (4, '1ПБ2_1', 2, 'Токовый', 1);
insert into sensor(id, name, id_object_monitor, type, on_sensor) VALUES (5, '1ПБ1_1', 2, 'Токовый', 1);
insert into sensor(id, name, id_object_monitor, type, on_sensor) VALUES (6, '1ПД2_1', 2, 'Токовый', 1);
insert into sensor(id, name, id_object_monitor, type, on_sensor) VALUES (7, '1ПД5_1', 2, 'Токовый', 1);
insert into sensor(id, name, id_object_monitor, type, on_sensor) VALUES (8, '1ПД1_1', 2, 'Токовый', 1);
insert into sensor(id, name, id_object_monitor, type, on_sensor) VALUES (9, '1ПБ3_2', 3, 'Токовый', 1);
insert into sensor(id, name, id_object_monitor, type, on_sensor) VALUES (10, '1ПБ2_2', 3, 'Токовый', 1);
insert into sensor(id, name, id_object_monitor, type, on_sensor) VALUES (11, '1ПЗ60_2', 3, 'Токовый', 1);
insert into sensor(id, name, id_object_monitor, type, on_sensor) VALUES (12, '1ПБ1_2', 3, 'Токовый', 1);
insert into sensor(id, name, id_object_monitor, type, on_sensor) VALUES (13, '1ПБ4_2', 3, 'Токовый', 1);
insert into sensor(id, name, id_object_monitor, type, on_sensor) VALUES (14, '1ПД1_2', 3, 'Токовый', 1);
insert into sensor(id, name, id_object_monitor, type, on_sensor) VALUES (15, '1ПД2_2', 3, 'Токовый', 1);
insert into sensor(id, name, id_object_monitor, type, on_sensor) VALUES (16, '1ПБ2А_2', 3, 'Токовый', 1);
insert into sensor(id, name, id_object_monitor, type, on_sensor) VALUES (17, '1ПБ3А_2', 3, 'Токовый', 1);
insert into sensor(id, name, id_object_monitor, type, on_sensor) VALUES (18, '1П1_3', 4, 'Токовый', 1);
insert into sensor(id, name, id_object_monitor, type, on_sensor) VALUES (19, '1ПБ5_3', 4, 'Токовый', 1);
insert into sensor(id, name, id_object_monitor, type, on_sensor) VALUES (20, '1П934_3', 4, 'Токовый', 1);
insert into sensor(id, name, id_object_monitor, type, on_sensor) VALUES (21, '1П933_3', 4, 'Токовый', 1);
insert into sensor(id, name, id_object_monitor, type, on_sensor) VALUES (22, '1ПД1_3', 4, 'Токовый', 1);
insert into sensor(id, name, id_object_monitor, type, on_sensor) VALUES (23, '1ПБ1_3', 4, 'Токовый', 1);
insert into sensor(id, name, id_object_monitor, type, on_sensor) VALUES (24, '1ПД2_3', 4, 'Токовый', 1);
insert into sensor(id, name, id_object_monitor, type, on_sensor) VALUES (25, '1ПБ3_4', 5, 'Токовый', 1);
insert into sensor(id, name, id_object_monitor, type, on_sensor) VALUES (26, '1ПБ2_4', 5, 'Токовый', 1);
insert into sensor(id, name, id_object_monitor, type, on_sensor) VALUES (27, '1ПБ1_4', 5, 'Токовый', 1);
insert into sensor(id, name, id_object_monitor, type, on_sensor) VALUES (28, '1ПБ4_4', 5, 'Токовый', 1);
insert into sensor(id, name, id_object_monitor, type, on_sensor) VALUES (29, '1ПД1_4', 5, 'Токовый', 1);
insert into sensor(id, name, id_object_monitor, type, on_sensor) VALUES (30, '1П2_4', 5, 'Токовый', 1);
insert into sensor(id, name, id_object_monitor, type, on_sensor) VALUES (31, '1ПБ3А_4', 5, 'Токовый', 1);
insert into sensor(id, name, id_object_monitor, type, on_sensor) VALUES (32, '1ПД2_4', 5, 'Токовый', 1);
insert into sensor(id, name, id_object_monitor, type, on_sensor) VALUES (33, '1ПД2_5', 6, 'Токовый', 1);
insert into sensor(id, name, id_object_monitor, type, on_sensor) VALUES (34, '1П345_5', 6, 'Токовый', 1);
insert into sensor(id, name, id_object_monitor, type, on_sensor) VALUES (35, '1ПБ7_5', 6, 'Токовый', 1);
insert into sensor(id, name, id_object_monitor, type, on_sensor) VALUES (36, '1ПД1_5', 6, 'Токовый', 1);
insert into sensor(id, name, id_object_monitor, type, on_sensor) VALUES (37, '1П346_5', 6, 'Токовый', 1);
insert into sensor(id, name, id_object_monitor, type, on_sensor) VALUES (38, '1ПБ1_5', 6, 'Токовый', 1);
insert into sensor(id, name, id_object_monitor, type, on_sensor) VALUES (39, '1ПБ2А_6', 7, 'Токовый', 1);
insert into sensor(id, name, id_object_monitor, type, on_sensor) VALUES (40, '1ПБ3А_6', 7, 'Токовый', 1);
insert into sensor(id, name, id_object_monitor, type, on_sensor) VALUES (41, '1ПБ3_6', 7, 'Токовый', 1);
insert into sensor(id, name, id_object_monitor, type, on_sensor) VALUES (42, '1ПБ2_6', 7, 'Токовый', 1);
insert into sensor(id, name, id_object_monitor, type, on_sensor) VALUES (43, '1ПБ1_6', 7, 'Токовый', 1);
insert into sensor(id, name, id_object_monitor, type, on_sensor) VALUES (44, '1ПБ4_6', 7, 'Токовый', 1);
insert into sensor(id, name, id_object_monitor, type, on_sensor) VALUES (45, '1ПД1_6', 7, 'Токовый', 1);
insert into sensor(id, name, id_object_monitor, type, on_sensor) VALUES (46, '1ПД2_6', 7, 'Токовый', 1);
insert into sensor(id, name, id_object_monitor, type, on_sensor) VALUES (47, '1П1_6', 7, 'Токовый', 1);
insert into sensor(id, name, id_object_monitor, type, on_sensor) VALUES (48, '1ПД1_7', 8, 'Токовый', 1);
insert into sensor(id, name, id_object_monitor, type, on_sensor) VALUES (49, '1ПБ1_7', 8, 'Токовый', 1);
insert into sensor(id, name, id_object_monitor, type, on_sensor) VALUES (50, '1ПД2_7', 8, 'Токовый', 1);
insert into sensor(id, name, id_object_monitor, type, on_sensor) VALUES (51, '1ПБ7_7', 8, 'Токовый', 1);
insert into sensor(id, name, id_object_monitor, type, on_sensor) VALUES (52, '1ПБ3_8', 9, 'Токовый', 1);
insert into sensor(id, name, id_object_monitor, type, on_sensor) VALUES (53, '1ПБ1_8', 9, 'Токовый', 1);
insert into sensor(id, name, id_object_monitor, type, on_sensor) VALUES (54, '1ПБ4_8', 9, 'Токовый', 1);
insert into sensor(id, name, id_object_monitor, type, on_sensor) VALUES (55, '1ПД1_8', 9, 'Токовый', 1);
insert into sensor(id, name, id_object_monitor, type, on_sensor) VALUES (56, '1ПД2_8', 9, 'Токовый', 1);
insert into sensor(id, name, id_object_monitor, type, on_sensor) VALUES (57, '1П2_8', 9, 'Токовый', 1);
insert into sensor(id, name, id_object_monitor, type, on_sensor) VALUES (58, '1ПБ2А_8', 9, 'Токовый', 1);
insert into sensor(id, name, id_object_monitor, type, on_sensor) VALUES (59, '1ПБ3А_8', 9, 'Токовый', 1);
insert into sensor(id, name, id_object_monitor, type, on_sensor) VALUES (60, '1ПД1_9', 10, 'Токовый', 1);
insert into sensor(id, name, id_object_monitor, type, on_sensor) VALUES (61, '1ПБ1_9', 10, 'Токовый', 1);
insert into sensor(id, name, id_object_monitor, type, on_sensor) VALUES (62, '1ПД2_9', 10, 'Токовый', 1);
insert into sensor(id, name, id_object_monitor, type, on_sensor) VALUES (63, '1ПБ6_9', 10, 'Токовый', 1);
insert into sensor(id, name, id_object_monitor, type, on_sensor) VALUES (64, '1ПД3_9', 10, 'Токовый', 1);
insert into sensor(id, name, id_object_monitor, type, on_sensor) VALUES (65, '1ПБ5_9', 10, 'Токовый', 1);
insert into sensor(id, name, id_object_monitor, type, on_sensor) VALUES (66, '2ПБ3_1', 11, 'Токовый', 1);
insert into sensor(id, name, id_object_monitor, type, on_sensor) VALUES (67, '2ПБ1_1', 11, 'Токовый', 1);
insert into sensor(id, name, id_object_monitor, type, on_sensor) VALUES (68, '2ПД6_1', 11, 'Токовый', 1);
insert into sensor(id, name, id_object_monitor, type, on_sensor) VALUES (69, '2ПД1_1', 11, 'Токовый', 1);
insert into sensor(id, name, id_object_monitor, type, on_sensor) VALUES (70, '2ПБ5_1', 11, 'Токовый', 1);
insert into sensor(id, name, id_object_monitor, type, on_sensor) VALUES (71, '2ПБ11_1', 11, 'Токовый', 1);
insert into sensor(id, name, id_object_monitor, type, on_sensor) VALUES (72, '2П3_1', 11, 'Токовый', 1);
insert into sensor(id, name, id_object_monitor, type, on_sensor) VALUES (73, '2П1_1', 11, 'Токовый', 1);
insert into sensor(id, name, id_object_monitor, type, on_sensor) VALUES (74, '2ПД5_1', 11, 'Токовый', 1);
insert into sensor(id, name, id_object_monitor, type, on_sensor) VALUES (75, '2ПД2_1', 11, 'Токовый', 1);
insert into sensor(id, name, id_object_monitor, type, on_sensor) VALUES (76, '2ПБ6_1', 11, 'Токовый', 1);
insert into sensor(id, name, id_object_monitor, type, on_sensor) VALUES (77, '2ПД4_2', 12, 'Токовый', 1);
insert into sensor(id, name, id_object_monitor, type, on_sensor) VALUES (78, '2ПД3_2', 12, 'Токовый', 1);
insert into sensor(id, name, id_object_monitor, type, on_sensor) VALUES (79, '2П4_2', 12, 'Токовый', 1);
insert into sensor(id, name, id_object_monitor, type, on_sensor) VALUES (80, '2П2_2', 12, 'Токовый', 1);
insert into sensor(id, name, id_object_monitor, type, on_sensor) VALUES (81, '2ПБ12_2', 12, 'Токовый', 1);
insert into sensor(id, name, id_object_monitor, type, on_sensor) VALUES (82, '2ПБ10_2', 12, 'Токовый', 1);
insert into sensor(id, name, id_object_monitor, type, on_sensor) VALUES (83, '2ПБ8_2', 12, 'Токовый', 1);
insert into sensor(id, name, id_object_monitor, type, on_sensor) VALUES (84, '2ПБ9_2', 12, 'Токовый', 1);

insert into sensor(id, name, id_object_monitor, type, on_sensor) VALUES (85, '1ПБ1', 13, 'Токовый', 1);
insert into sensor(id, name, id_object_monitor, type, on_sensor) VALUES (86, '1ПБ2', 13, 'Токовый', 1);
insert into sensor(id, name, id_object_monitor, type, on_sensor) VALUES (87, '1ПБ3', 13, 'Токовый', 1);
insert into sensor(id, name, id_object_monitor, type, on_sensor) VALUES (88, '1ПБ4', 13, 'Токовый', 1);

insert into sensor(id, name, id_object_monitor, type, on_sensor) VALUES (89, '1ПБ5', 13, 'Токовый', 1);

insert into sensor(id, name, id_object_monitor, type, on_sensor) VALUES (90, '1П2_2', 14, 'Токовый', 1);
insert into sensor(id, name, id_object_monitor, type, on_sensor) VALUES (91, '1П1_МП', 15, 'Токовый', 1);
insert into sensor(id, name, id_object_monitor, type, on_sensor) VALUES (92, '1П2_МП', 15, 'Токовый', 1);
insert into sensor(id, name, id_object_monitor, type, on_sensor) VALUES (93, '1П3_МП', 15, 'Токовый', 1);

insert into sensor(id, name, id_object_monitor, type, on_sensor) VALUES (94, '1ДДВ.1.СП_1', 2, 'Аналоговый', 1);
insert into sensor(id, name, id_object_monitor, type, on_sensor) VALUES (95, '1ДДВ.2.СП_1', 2, 'Аналоговый', 1);
insert into sensor(id, name, id_object_monitor, type, on_sensor) VALUES (96, '1ДДВ.3.СП_1', 2, 'Аналоговый', 1);
insert into sensor(id, name, id_object_monitor, type, on_sensor) VALUES (97, '1ДДВ.4.СП_1', 2, 'Аналоговый', 1);
insert into sensor(id, name, id_object_monitor, type, on_sensor) VALUES (98, '1ДДВ.5.СП_2', 3, 'Аналоговый', 1);
insert into sensor(id, name, id_object_monitor, type, on_sensor) VALUES (99, '1ДДВ.6.СП_2', 3, 'Аналоговый', 1);
insert into sensor(id, name, id_object_monitor, type, on_sensor) VALUES (100, '1ДДВ.7.СП_2', 3, 'Аналоговый', 1);
insert into sensor(id, name, id_object_monitor, type, on_sensor) VALUES (101, '1ДДВ.8.СП_2', 3, 'Аналоговый', 1);
insert into sensor(id, name, id_object_monitor, type, on_sensor) VALUES (102, '1ДДВ.9.СП_3', 4, 'Аналоговый', 1);
insert into sensor(id, name, id_object_monitor, type, on_sensor) VALUES (103, '1ДДВ.10.СП_3', 4, 'Аналоговый', 1);
insert into sensor(id, name, id_object_monitor, type, on_sensor) VALUES (104, '1ДДВ.11.СП_3', 4, 'Аналоговый', 1);
insert into sensor(id, name, id_object_monitor, type, on_sensor) VALUES (105, '1ДДВ.12.СП_3', 4, 'Аналоговый', 1);
insert into sensor(id, name, id_object_monitor, type, on_sensor) VALUES (106, '1ДДВ.13.СП_4', 5, 'Аналоговый', 1);
insert into sensor(id, name, id_object_monitor, type, on_sensor) VALUES (107, '1ДДВ.14.СП_4', 5, 'Аналоговый', 1);
insert into sensor(id, name, id_object_monitor, type, on_sensor) VALUES (108, '1ДДВ.15.СП_4', 5, 'Аналоговый', 1);
insert into sensor(id, name, id_object_monitor, type, on_sensor) VALUES (109, '1ДДВ.16.СП_4', 5, 'Аналоговый', 1);
insert into sensor(id, name, id_object_monitor, type, on_sensor) VALUES (110, '1ДДВ.17.СП_5', 6, 'Аналоговый', 1);
insert into sensor(id, name, id_object_monitor, type, on_sensor) VALUES (111, '1ДДВ.18.СП_5', 6, 'Аналоговый', 1);
insert into sensor(id, name, id_object_monitor, type, on_sensor) VALUES (112, '1ДДВ.19.СП_5', 6, 'Аналоговый', 1);
insert into sensor(id, name, id_object_monitor, type, on_sensor) VALUES (113, '1ДДВ.20.СП_5', 6, 'Аналоговый', 1);
insert into sensor(id, name, id_object_monitor, type, on_sensor) VALUES (114, '1ДДВ.21.СП_6', 7, 'Аналоговый', 1);
insert into sensor(id, name, id_object_monitor, type, on_sensor) VALUES (115, '1ДДВ.22.СП_6', 7, 'Аналоговый', 1);
insert into sensor(id, name, id_object_monitor, type, on_sensor) VALUES (116, '1ДДВ.23.СП_6', 7, 'Аналоговый', 1);
insert into sensor(id, name, id_object_monitor, type, on_sensor) VALUES (117, '1ДДВ.24.СП_6', 7, 'Аналоговый', 1);
insert into sensor(id, name, id_object_monitor, type, on_sensor) VALUES (118, '1ДДВ.25.СП_7', 8, 'Аналоговый', 1);
insert into sensor(id, name, id_object_monitor, type, on_sensor) VALUES (119, '1ДДВ.26.СП_7', 8, 'Аналоговый', 1);
insert into sensor(id, name, id_object_monitor, type, on_sensor) VALUES (120, '1ДДВ.27.СП_7', 8, 'Аналоговый', 1);
insert into sensor(id, name, id_object_monitor, type, on_sensor) VALUES (121, '1ДДВ.28.СП_7', 8, 'Аналоговый', 1);
insert into sensor(id, name, id_object_monitor, type, on_sensor) VALUES (122, '1ДДВ.29.СП_8', 9, 'Аналоговый', 1);
insert into sensor(id, name, id_object_monitor, type, on_sensor) VALUES (123, '1ДДВ.30.СП_8', 9, 'Аналоговый', 1);
insert into sensor(id, name, id_object_monitor, type, on_sensor) VALUES (124, '1ДДВ.31.СП_8', 9, 'Аналоговый', 1);
insert into sensor(id, name, id_object_monitor, type, on_sensor) VALUES (125, '1ДДВ.32.СП_8', 9, 'Аналоговый', 1);
insert into sensor(id, name, id_object_monitor, type, on_sensor) VALUES (126, '1ДДВ.33.СП_9', 10, 'Аналоговый', 1);
insert into sensor(id, name, id_object_monitor, type, on_sensor) VALUES (127, '1ДДВ.34.СП_9', 10, 'Аналоговый', 1);
insert into sensor(id, name, id_object_monitor, type, on_sensor) VALUES (128, '1ДДВ.35.СП_9', 10, 'Аналоговый', 1);
insert into sensor(id, name, id_object_monitor, type, on_sensor) VALUES (129, '1ДДВ.36.СП_9', 10, 'Аналоговый', 1);
insert into sensor(id, name, id_object_monitor, type, on_sensor) VALUES (130, '1ДДВ.37.СП_1', 2, 'Аналоговый', 1);
insert into sensor(id, name, id_object_monitor, type, on_sensor) VALUES (131, '1ДДВ.38.СП_5', 6, 'Аналоговый', 1);

-- 1 датчик  - 2 сигнала
insert into sensor(id, name, id_object_monitor, type, on_sensor) VALUES (132, '1ДИВТ.1.СП_1', 2, 'Токовый', 1);
insert into sensor(id, name, id_object_monitor, type, on_sensor) VALUES (133, '1ДИВТ.2.СП_2', 3, 'Токовый', 1);
insert into sensor(id, name, id_object_monitor, type, on_sensor) VALUES (134, '1ДИВТ.3.СП_3', 4, 'Токовый', 1);
insert into sensor(id, name, id_object_monitor, type, on_sensor) VALUES (135, '1ДИВТ.4.СП_4', 5, 'Токовый', 1);
insert into sensor(id, name, id_object_monitor, type, on_sensor) VALUES (136, '1ДИВТ.5.СП_5', 6, 'Токовый', 1);
insert into sensor(id, name, id_object_monitor, type, on_sensor) VALUES (137, '1ДИВТ.6.СП_6', 7, 'Токовый', 1);
insert into sensor(id, name, id_object_monitor, type, on_sensor) VALUES (138, '1ДИВТ.7.СП_7', 8, 'Токовый', 1);
insert into sensor(id, name, id_object_monitor, type, on_sensor) VALUES (139, '1ДИВТ.8.СП_8', 9, 'Токовый', 1);
insert into sensor(id, name, id_object_monitor, type, on_sensor) VALUES (140, '1ДИВТ.9.СП_9', 10, 'Токовый', 1);
insert into sensor(id, name, id_object_monitor, type, on_sensor) VALUES (141, '2ДИВТ.10.СП_1', 11, 'Токовый', 1);
insert into sensor(id, name, id_object_monitor, type, on_sensor) VALUES (142, '2ДИВТ.11.СП_2', 12, 'Токовый', 1);

--
insert into sensor(id, name, id_object_monitor, type, on_sensor) VALUES (143, '1ДРВ.1.ДК_1', 2, 'Токовый', 1);
insert into sensor(id, name, id_object_monitor, type, on_sensor) VALUES (144, '1ДРВ.2.ДК_2', 3, 'Токовый', 1);
insert into sensor(id, name, id_object_monitor, type, on_sensor) VALUES (145, '1ДРВ.3.ДК_2', 3, 'Токовый', 1);
insert into sensor(id, name, id_object_monitor, type, on_sensor) VALUES (146, '1ДРВ.4.ДК_4', 5, 'Токовый', 1);
insert into sensor(id, name, id_object_monitor, type, on_sensor) VALUES (147, '1ДРВ.5.ДК_5', 6, 'Токовый', 1);
insert into sensor(id, name, id_object_monitor, type, on_sensor) VALUES (148, '1ДРВ.6.ДК_5', 6, 'Токовый', 1);
insert into sensor(id, name, id_object_monitor, type, on_sensor) VALUES (149, '1ДРВ.7.ДК_7', 8, 'Токовый', 1);
insert into sensor(id, name, id_object_monitor, type, on_sensor) VALUES (150, '1ДРВ.8.ДК_8', 9, 'Токовый', 1);
insert into sensor(id, name, id_object_monitor, type, on_sensor) VALUES (151, '1ДРВ.9.ДК_8', 9, 'Токовый', 1);
insert into sensor(id, name, id_object_monitor, type, on_sensor) VALUES (152, '2ДРВ.10.ДК_1', 12, 'Токовый', 1);
insert into sensor(id, name, id_object_monitor, type, on_sensor) VALUES (153, '2ДРВ.11.ДК_1', 11, 'Токовый', 1);
insert into sensor(id, name, id_object_monitor, type, on_sensor) VALUES (154, '2ДРВ.12.ДК_1', 11, 'Токовый', 1);
insert into sensor(id, name, id_object_monitor, type, on_sensor) VALUES (155, '2ДРВ.13.ДК_2', 12, 'Токовый', 1);
insert into sensor(id, name, id_object_monitor, type, on_sensor) VALUES (156, '2ДРВ.14.ДК_2', 12, 'Токовый', 1);
insert into sensor(id, name, id_object_monitor, type, on_sensor) VALUES (157, '2ДРВ.15.ДК_2', 12, 'Токовый', 1);
insert into sensor(id, name, id_object_monitor, type, on_sensor) VALUES (158, '2ДРВ.16.ДК_2', 12, 'Токовый', 1);

-- 1 датчик  - 2 сигнала
insert into sensor(id, name, id_object_monitor, type, on_sensor) VALUES (159, '1СГС10_1', 2, 'Цифровой', 1);
insert into sensor(id, name, id_object_monitor, type, on_sensor) VALUES (160, '1СГС20_1', 2, 'Цифровой', 1);
insert into sensor(id, name, id_object_monitor, type, on_sensor) VALUES (161, '1СГС30_1', 2, 'Цифровой', 1);
insert into sensor(id, name, id_object_monitor, type, on_sensor) VALUES (162, '1СГС10_9', 10, 'Цифровой', 1);
insert into sensor(id, name, id_object_monitor, type, on_sensor) VALUES (163, '1СГС20_9', 10, 'Цифровой', 1);
insert into sensor(id, name, id_object_monitor, type, on_sensor) VALUES (164, '1СГС30_9', 10, 'Цифровой', 1);

--
insert into sensor(id, name, id_object_monitor, type, on_sensor) VALUES (165, '1ДДВ.1.МШ_1', 16, 'Токовый', 1);
insert into sensor(id, name, id_object_monitor, type, on_sensor) VALUES (166, '1ДДВ.2.МШ_2', 17, 'Токовый', 1);
insert into sensor(id, name, id_object_monitor, type, on_sensor) VALUES (167, '1ДДВ.3.МШ_3', 18, 'Токовый', 1);
insert into sensor(id, name, id_object_monitor, type, on_sensor) VALUES (168, '1ДДВ.4.МШ_4', 19, 'Токовый', 1);
insert into sensor(id, name, id_object_monitor, type, on_sensor) VALUES (169, '1ДДВ.5.МШ_5', 20, 'Токовый', 1);
insert into sensor(id, name, id_object_monitor, type, on_sensor) VALUES (170, '1ДДВ.6.МШ_6', 21, 'Токовый', 1);
insert into sensor(id, name, id_object_monitor, type, on_sensor) VALUES (171, '1ДДВ.7.МШ_7', 22, 'Токовый', 1);
insert into sensor(id, name, id_object_monitor, type, on_sensor) VALUES (172, '1ДДВ.8.МШ_8', 23, 'Токовый', 1);

-- 1 датчик  - 2 сигнала
insert into sensor(id, name, id_object_monitor, type, on_sensor) VALUES (173, 'ДИВТ.1.КТ', 24, 'Токовый', 1);
insert into sensor(id, name, id_object_monitor, type, on_sensor) VALUES (174, 'ДИВТ.2.КТ', 24, 'Токовый', 1);
insert into sensor(id, name, id_object_monitor, type, on_sensor) VALUES (175, 'ДИВТ.3.КТ', 24, 'Токовый', 1);
insert into sensor(id, name, id_object_monitor, type, on_sensor) VALUES (176, 'ДИВТ.4.КТ', 24, 'Токовый', 1);
insert into sensor(id, name, id_object_monitor, type, on_sensor) VALUES (177, 'ДИВТ.5.КТ', 24, 'Токовый', 1);
insert into sensor(id, name, id_object_monitor, type, on_sensor) VALUES (178, 'ДИВТ.6.КТ', 24, 'Токовый', 1);
insert into sensor(id, name, id_object_monitor, type, on_sensor) VALUES (179, 'ДИВТ.7.КТ', 24, 'Токовый', 1);
insert into sensor(id, name, id_object_monitor, type, on_sensor) VALUES (180, 'ДИВТ.8.КТ', 24, 'Токовый', 1);
insert into sensor(id, name, id_object_monitor, type, on_sensor) VALUES (181, 'ДИВТ.9.КТ', 24, 'Токовый', 1);
insert into sensor(id, name, id_object_monitor, type, on_sensor) VALUES (182, 'ДИВТ.10.КТ', 24, 'Токовый', 1);
insert into sensor(id, name, id_object_monitor, type, on_sensor) VALUES (183, 'ДИВТ.11.КТ', 24, 'Токовый', 1);
insert into sensor(id, name, id_object_monitor, type, on_sensor) VALUES (184, 'ДИВТ.12.КТ', 24, 'Токовый', 1);
insert into sensor(id, name, id_object_monitor, type, on_sensor) VALUES (185, 'ДИВТ.13.КТ', 24, 'Токовый', 1);
insert into sensor(id, name, id_object_monitor, type, on_sensor) VALUES (186, 'ДИВТ.14.КТ', 24, 'Токовый', 1);
insert into sensor(id, name, id_object_monitor, type, on_sensor) VALUES (187, 'ДИВТ.15.КТ', 24, 'Токовый', 1);
insert into sensor(id, name, id_object_monitor, type, on_sensor) VALUES (188, 'ДИВТ.16.КТ', 24, 'Токовый', 1);
insert into sensor(id, name, id_object_monitor, type, on_sensor) VALUES (189, 'ДИВТ.17.КТ', 24, 'Токовый', 1);
insert into sensor(id, name, id_object_monitor, type, on_sensor) VALUES (190, 'ДИВТ.18.КТ', 24, 'Токовый', 1);
insert into sensor(id, name, id_object_monitor, type, on_sensor) VALUES (191, 'ДИВТ.19.КТ', 24, 'Токовый', 1);
insert into sensor(id, name, id_object_monitor, type, on_sensor) VALUES (192, 'ДИВТ.20.КТ', 24, 'Токовый', 1);
insert into sensor(id, name, id_object_monitor, type, on_sensor) VALUES (193, 'ДИВТ.21.КТ', 24, 'Токовый', 1);
insert into sensor(id, name, id_object_monitor, type, on_sensor) VALUES (194, 'ДИВТ.22.КТ', 24, 'Токовый', 1);
insert into sensor(id, name, id_object_monitor, type, on_sensor) VALUES (195, 'ДИВТ.23.КТ', 24, 'Токовый', 1);
insert into sensor(id, name, id_object_monitor, type, on_sensor) VALUES (196, 'ДИВТ.24.КТ', 24, 'Токовый', 1);

insert into sensor(id, name, id_object_monitor, type, on_sensor) VALUES (197, 'ДИВТ.1.КГ', 25, 'Токовый', 1);
insert into sensor(id, name, id_object_monitor, type, on_sensor) VALUES (198, 'ДИВТ.2.КГ', 25, 'Токовый', 1);
insert into sensor(id, name, id_object_monitor, type, on_sensor) VALUES (199, 'ДИВТ.3.КГ', 25, 'Токовый', 1);
insert into sensor(id, name, id_object_monitor, type, on_sensor) VALUES (200, 'ДИВТ.4.КГ', 25, 'Токовый', 1);
insert into sensor(id, name, id_object_monitor, type, on_sensor) VALUES (201, 'ДИВТ.5.КГ', 25, 'Токовый', 1);
insert into sensor(id, name, id_object_monitor, type, on_sensor) VALUES (202, 'ДИВТ.6.КГ', 25, 'Токовый', 1);
insert into sensor(id, name, id_object_monitor, type, on_sensor) VALUES (203, 'ДИВТ.7.КГ', 25, 'Токовый', 1);
insert into sensor(id, name, id_object_monitor, type, on_sensor) VALUES (204, 'ДИВТ.8.КГ', 25, 'Токовый', 1);
insert into sensor(id, name, id_object_monitor, type, on_sensor) VALUES (205, 'ДИВТ.9.КГ', 25, 'Токовый', 1);
insert into sensor(id, name, id_object_monitor, type, on_sensor) VALUES (206, 'ДИВТ.10.КГ', 25, 'Токовый', 1);
insert into sensor(id, name, id_object_monitor, type, on_sensor) VALUES (207, 'ДИВТ.11.КГ', 25, 'Токовый', 1);
insert into sensor(id, name, id_object_monitor, type, on_sensor) VALUES (208, 'ДИВТ.12.КГ', 25, 'Токовый', 1);
insert into sensor(id, name, id_object_monitor, type, on_sensor) VALUES (209, 'ДИВТ.13.КГ', 25, 'Токовый', 1);
insert into sensor(id, name, id_object_monitor, type, on_sensor) VALUES (210, 'ДИВТ.14.КГ', 25, 'Токовый', 1);
insert into sensor(id, name, id_object_monitor, type, on_sensor) VALUES (211, 'ДИВТ.15.КГ', 25, 'Токовый', 1);

insert into sensor(id, name, id_object_monitor, type, on_sensor) VALUES (212, 'ДИВТ.1.КМ', 26, 'Токовый', 1);
insert into sensor(id, name, id_object_monitor, type, on_sensor) VALUES (213, 'ДИВТ.2.КМ', 26, 'Токовый', 1);
insert into sensor(id, name, id_object_monitor, type, on_sensor) VALUES (214, 'ДИВТ.3.КМ', 26, 'Токовый', 1);

--
insert into sensor(id, name, id_object_monitor, type, on_sensor) VALUES (215, 'ДДВ.1.ВБ', 27, 'Оптический', 1);
insert into sensor(id, name, id_object_monitor, type, on_sensor) VALUES (216, 'ДДВ.4.НБ', 28, 'Оптический', 1);
insert into sensor(id, name, id_object_monitor, type, on_sensor) VALUES (217, 'ДДВ.3.НБ', 29, 'Токовый', 1);
insert into sensor(id, name, id_object_monitor, type, on_sensor) VALUES (218, 'ДДВ.2.ВБ', 30, 'Токовый', 1);

-- 1 датчик  - 6 сигналов
insert into sensor(id, name, id_object_monitor, type, on_sensor) VALUES (219, 'ГДИТ.1', 29, 'Оптический', 1);
insert into sensor(id, name, id_object_monitor, type, on_sensor) VALUES (220, 'ГДИТ.2', 29, 'Оптический', 1);

-- 1 датчик  - 2 сигнала
insert into sensor(id, name, id_object_monitor, type, on_sensor) VALUES (221, '5П2', 31, 'Оптический', 1);
insert into sensor(id, name, id_object_monitor, type, on_sensor) VALUES (222, '5П3', 31, 'Оптический', 1);
insert into sensor(id, name, id_object_monitor, type, on_sensor) VALUES (223, '5П4', 31, 'Оптический', 1);
insert into sensor(id, name, id_object_monitor, type, on_sensor) VALUES (224, '5П5', 31, 'Оптический', 1);
insert into sensor(id, name, id_object_monitor, type, on_sensor) VALUES (225, '5П6', 31, 'Оптический', 1);
insert into sensor(id, name, id_object_monitor, type, on_sensor) VALUES (226, '5П7', 31, 'Оптический', 1);
insert into sensor(id, name, id_object_monitor, type, on_sensor) VALUES (227, '5П8', 31, 'Оптический', 1);
insert into sensor(id, name, id_object_monitor, type, on_sensor) VALUES (228, '5П9', 31, 'Оптический', 1);
insert into sensor(id, name, id_object_monitor, type, on_sensor) VALUES (229, '5П10', 31, 'Оптический', 1);
insert into sensor(id, name, id_object_monitor, type, on_sensor) VALUES (230, '5П11', 31, 'Оптический', 1);
insert into sensor(id, name, id_object_monitor, type, on_sensor) VALUES (231, '5П12', 31, 'Оптический', 1);
insert into sensor(id, name, id_object_monitor, type, on_sensor) VALUES (232, '5П13', 31, 'Оптический', 1);
insert into sensor(id, name, id_object_monitor, type, on_sensor) VALUES (233, '5П14', 31, 'Оптический', 1);
insert into sensor(id, name, id_object_monitor, type, on_sensor) VALUES (234, '5П15', 31, 'Оптический', 1);
insert into sensor(id, name, id_object_monitor, type, on_sensor) VALUES (235, '5П16', 31, 'Оптический', 1);
insert into sensor(id, name, id_object_monitor, type, on_sensor) VALUES (236, '5П17', 31, 'Оптический', 1);
insert into sensor(id, name, id_object_monitor, type, on_sensor) VALUES (237, '5П18', 31, 'Оптический', 1);
insert into sensor(id, name, id_object_monitor, type, on_sensor) VALUES (238, '5П19', 31, 'Оптический', 1);
insert into sensor(id, name, id_object_monitor, type, on_sensor) VALUES (239, '5П20', 31, 'Оптический', 1);

insert into sensor(id, name, id_object_monitor, type, on_sensor) VALUES (240, '6П1', 32, 'Оптический', 1);
insert into sensor(id, name, id_object_monitor, type, on_sensor) VALUES (241, '6П2', 32, 'Оптический', 1);
insert into sensor(id, name, id_object_monitor, type, on_sensor) VALUES (242, '6П3', 32, 'Оптический', 1);
insert into sensor(id, name, id_object_monitor, type, on_sensor) VALUES (243, '6П4', 32, 'Оптический', 1);
insert into sensor(id, name, id_object_monitor, type, on_sensor) VALUES (244, '6П5', 32, 'Оптический', 1);
insert into sensor(id, name, id_object_monitor, type, on_sensor) VALUES (245, '6П6', 32, 'Оптический', 1);
insert into sensor(id, name, id_object_monitor, type, on_sensor) VALUES (246, '6П7', 32, 'Оптический', 1);
insert into sensor(id, name, id_object_monitor, type, on_sensor) VALUES (247, '6П8', 32, 'Оптический', 1);
insert into sensor(id, name, id_object_monitor, type, on_sensor) VALUES (248, '6П9', 32, 'Оптический', 1);
insert into sensor(id, name, id_object_monitor, type, on_sensor) VALUES (249, '6П10', 32, 'Оптический', 1);
insert into sensor(id, name, id_object_monitor, type, on_sensor) VALUES (250, '6П11', 32, 'Оптический', 1);
insert into sensor(id, name, id_object_monitor, type, on_sensor) VALUES (251, '6П12', 32, 'Оптический', 1);
insert into sensor(id, name, id_object_monitor, type, on_sensor) VALUES (252, '6П13', 32, 'Оптический', 1);
insert into sensor(id, name, id_object_monitor, type, on_sensor) VALUES (253, '6П14', 32, 'Оптический', 1);

insert into sensor(id, name, id_object_monitor, type, on_sensor) VALUES (254, '7П15_30', 33, 'Оптический', 1);
insert into sensor(id, name, id_object_monitor, type, on_sensor) VALUES (255, '7П16_30', 33, 'Оптический', 1);
insert into sensor(id, name, id_object_monitor, type, on_sensor) VALUES (256, '7П17_30', 33, 'Оптический', 1);
insert into sensor(id, name, id_object_monitor, type, on_sensor) VALUES (257, '7П18_30', 33, 'Оптический', 1);
insert into sensor(id, name, id_object_monitor, type, on_sensor) VALUES (258, '7П19_30', 33, 'Оптический', 1);
insert into sensor(id, name, id_object_monitor, type, on_sensor) VALUES (259, '7П20_28', 33, 'Оптический', 1);
insert into sensor(id, name, id_object_monitor, type, on_sensor) VALUES (260, '7П21_28', 33, 'Оптический', 1);
insert into sensor(id, name, id_object_monitor, type, on_sensor) VALUES (261, '7П22_28', 33, 'Оптический', 1);
insert into sensor(id, name, id_object_monitor, type, on_sensor) VALUES (262, '7П23_28', 33, 'Оптический', 1);
insert into sensor(id, name, id_object_monitor, type, on_sensor) VALUES (263, '7П24_28', 33, 'Оптический', 1);
insert into sensor(id, name, id_object_monitor, type, on_sensor) VALUES (264, '7П25_26', 33, 'Оптический', 1);
insert into sensor(id, name, id_object_monitor, type, on_sensor) VALUES (265, '7П26_26', 33, 'Оптический', 1);
insert into sensor(id, name, id_object_monitor, type, on_sensor) VALUES (266, '7П27_26', 33, 'Оптический', 1);
insert into sensor(id, name, id_object_monitor, type, on_sensor) VALUES (267, '7П28_26', 33, 'Оптический', 1);
insert into sensor(id, name, id_object_monitor, type, on_sensor) VALUES (268, '7П29_26', 33, 'Оптический', 1);
insert into sensor(id, name, id_object_monitor, type, on_sensor) VALUES (269, '7П34_21', 33, 'Оптический', 1);
insert into sensor(id, name, id_object_monitor, type, on_sensor) VALUES (270, '7П35_21', 33, 'Оптический', 1);
insert into sensor(id, name, id_object_monitor, type, on_sensor) VALUES (271, '7П36_21', 33, 'Оптический', 1);
insert into sensor(id, name, id_object_monitor, type, on_sensor) VALUES (272, '7П37_21', 33, 'Оптический', 1);
insert into sensor(id, name, id_object_monitor, type, on_sensor) VALUES (273, '7П38_21', 33, 'Оптический', 1);
insert into sensor(id, name, id_object_monitor, type, on_sensor) VALUES (274, '7П38А_21', 33, 'Оптический', 1);
insert into sensor(id, name, id_object_monitor, type, on_sensor) VALUES (275, '7П39_21', 33, 'Оптический', 1);
insert into sensor(id, name, id_object_monitor, type, on_sensor) VALUES (276, '7П40_21', 33, 'Оптический', 1);
insert into sensor(id, name, id_object_monitor, type, on_sensor) VALUES (277, '7П41_21', 33, 'Оптический', 1);
insert into sensor(id, name, id_object_monitor, type, on_sensor) VALUES (278, '7П42_23', 33, 'Оптический', 1);
insert into sensor(id, name, id_object_monitor, type, on_sensor) VALUES (279, '7П43_23', 33, 'Оптический', 1);
insert into sensor(id, name, id_object_monitor, type, on_sensor) VALUES (280, '7П44_23', 33, 'Оптический', 1);
insert into sensor(id, name, id_object_monitor, type, on_sensor) VALUES (281, '7П45_23', 33, 'Оптический', 1);
insert into sensor(id, name, id_object_monitor, type, on_sensor) VALUES (282, '7П46_23', 33, 'Оптический', 1);
insert into sensor(id, name, id_object_monitor, type, on_sensor) VALUES (283, '7П47_23', 33, 'Оптический', 1);
insert into sensor(id, name, id_object_monitor, type, on_sensor) VALUES (284, '7П48_23', 33, 'Оптический', 1);
insert into sensor(id, name, id_object_monitor, type, on_sensor) VALUES (285, '7П49_23', 33, 'Оптический', 1);

--
insert into sensor(id, name, id_object_monitor, type, on_sensor) VALUES (286, 'Атмосферное давление АСО КИА', 34, 'Токовый', 1);



-- Заполнение таблицы сигналов
insert into signal(id, id_sensor, id_type, id_measured_parameter) VALUES (1, 1, 3, 101);
insert into signal(id, id_sensor, id_type, id_measured_parameter) VALUES (2, 2, 3, 101);
insert into signal(id, id_sensor, id_type, id_measured_parameter) VALUES (3, 3, 3, 101);
insert into signal(id, id_sensor, id_type, id_measured_parameter) VALUES (4, 4, 3, 101);
insert into signal(id, id_sensor, id_type, id_measured_parameter) VALUES (5, 5, 3, 101);
insert into signal(id, id_sensor, id_type, id_measured_parameter) VALUES (6, 6, 3, 101);
insert into signal(id, id_sensor, id_type, id_measured_parameter) VALUES (7, 7, 3, 101);
insert into signal(id, id_sensor, id_type, id_measured_parameter) VALUES (8, 8, 3, 101);
insert into signal(id, id_sensor, id_type, id_measured_parameter) VALUES (9, 9, 3, 101);
insert into signal(id, id_sensor, id_type, id_measured_parameter) VALUES (10, 10, 3, 101);
insert into signal(id, id_sensor, id_type, id_measured_parameter) VALUES (11, 11, 3, 101);
insert into signal(id, id_sensor, id_type, id_measured_parameter) VALUES (12, 12, 3, 101);
insert into signal(id, id_sensor, id_type, id_measured_parameter) VALUES (13, 13, 3, 101);
insert into signal(id, id_sensor, id_type, id_measured_parameter) VALUES (14, 14, 3, 101);
insert into signal(id, id_sensor, id_type, id_measured_parameter) VALUES (15, 15, 3, 101);
insert into signal(id, id_sensor, id_type, id_measured_parameter) VALUES (16, 16, 3, 101);
insert into signal(id, id_sensor, id_type, id_measured_parameter) VALUES (17, 17, 3, 101);
insert into signal(id, id_sensor, id_type, id_measured_parameter) VALUES (18, 18, 3, 101);
insert into signal(id, id_sensor, id_type, id_measured_parameter) VALUES (19, 19, 3, 101);
insert into signal(id, id_sensor, id_type, id_measured_parameter) VALUES (20, 20, 3, 101);
insert into signal(id, id_sensor, id_type, id_measured_parameter) VALUES (21, 21, 3, 101);
insert into signal(id, id_sensor, id_type, id_measured_parameter) VALUES (22, 22, 3, 101);
insert into signal(id, id_sensor, id_type, id_measured_parameter) VALUES (23, 23, 3, 101);
insert into signal(id, id_sensor, id_type, id_measured_parameter) VALUES (24, 24, 3, 101);
insert into signal(id, id_sensor, id_type, id_measured_parameter) VALUES (25, 25, 3, 101);
insert into signal(id, id_sensor, id_type, id_measured_parameter) VALUES (26, 26, 3, 101);
insert into signal(id, id_sensor, id_type, id_measured_parameter) VALUES (27, 27, 3, 101);
insert into signal(id, id_sensor, id_type, id_measured_parameter) VALUES (28, 28, 3, 101);
insert into signal(id, id_sensor, id_type, id_measured_parameter) VALUES (29, 29, 3, 101);
insert into signal(id, id_sensor, id_type, id_measured_parameter) VALUES (30, 30, 3, 101);
insert into signal(id, id_sensor, id_type, id_measured_parameter) VALUES (31, 31, 3, 101);
insert into signal(id, id_sensor, id_type, id_measured_parameter) VALUES (32, 32, 3, 101);
insert into signal(id, id_sensor, id_type, id_measured_parameter) VALUES (33, 33, 3, 101);
insert into signal(id, id_sensor, id_type, id_measured_parameter) VALUES (34, 34, 3, 101);
insert into signal(id, id_sensor, id_type, id_measured_parameter) VALUES (35, 35, 3, 101);
insert into signal(id, id_sensor, id_type, id_measured_parameter) VALUES (36, 36, 3, 101);
insert into signal(id, id_sensor, id_type, id_measured_parameter) VALUES (37, 37, 3, 101);
insert into signal(id, id_sensor, id_type, id_measured_parameter) VALUES (38, 38, 3, 101);
insert into signal(id, id_sensor, id_type, id_measured_parameter) VALUES (39, 39, 3, 101);
insert into signal(id, id_sensor, id_type, id_measured_parameter) VALUES (40, 40, 3, 101);
insert into signal(id, id_sensor, id_type, id_measured_parameter) VALUES (41, 41, 3, 101);
insert into signal(id, id_sensor, id_type, id_measured_parameter) VALUES (42, 42, 3, 101);
insert into signal(id, id_sensor, id_type, id_measured_parameter) VALUES (43, 43, 3, 101);
insert into signal(id, id_sensor, id_type, id_measured_parameter) VALUES (44, 44, 3, 101);
insert into signal(id, id_sensor, id_type, id_measured_parameter) VALUES (45, 45, 3, 101);
insert into signal(id, id_sensor, id_type, id_measured_parameter) VALUES (46, 46, 3, 101);
insert into signal(id, id_sensor, id_type, id_measured_parameter) VALUES (47, 47, 3, 101);
insert into signal(id, id_sensor, id_type, id_measured_parameter) VALUES (48, 48, 3, 101);
insert into signal(id, id_sensor, id_type, id_measured_parameter) VALUES (49, 49, 3, 101);
insert into signal(id, id_sensor, id_type, id_measured_parameter) VALUES (50, 50, 3, 101);
insert into signal(id, id_sensor, id_type, id_measured_parameter) VALUES (51, 51, 3, 101);
insert into signal(id, id_sensor, id_type, id_measured_parameter) VALUES (52, 52, 3, 101);
insert into signal(id, id_sensor, id_type, id_measured_parameter) VALUES (53, 53, 3, 101);
insert into signal(id, id_sensor, id_type, id_measured_parameter) VALUES (54, 54, 3, 101);
insert into signal(id, id_sensor, id_type, id_measured_parameter) VALUES (55, 55, 3, 101);
insert into signal(id, id_sensor, id_type, id_measured_parameter) VALUES (56, 56, 3, 101);
insert into signal(id, id_sensor, id_type, id_measured_parameter) VALUES (57, 57, 3, 101);
insert into signal(id, id_sensor, id_type, id_measured_parameter) VALUES (58, 58, 3, 101);
insert into signal(id, id_sensor, id_type, id_measured_parameter) VALUES (59, 59, 3, 101);
insert into signal(id, id_sensor, id_type, id_measured_parameter) VALUES (60, 60, 3, 101);
insert into signal(id, id_sensor, id_type, id_measured_parameter) VALUES (61, 61, 3, 101);
insert into signal(id, id_sensor, id_type, id_measured_parameter) VALUES (62, 62, 3, 101);
insert into signal(id, id_sensor, id_type, id_measured_parameter) VALUES (63, 63, 3, 101);
insert into signal(id, id_sensor, id_type, id_measured_parameter) VALUES (64, 64, 3, 101);
insert into signal(id, id_sensor, id_type, id_measured_parameter) VALUES (65, 65, 3, 101);
insert into signal(id, id_sensor, id_type, id_measured_parameter) VALUES (66, 66, 3, 101);
insert into signal(id, id_sensor, id_type, id_measured_parameter) VALUES (67, 67, 3, 101);
insert into signal(id, id_sensor, id_type, id_measured_parameter) VALUES (68, 68, 3, 101);
insert into signal(id, id_sensor, id_type, id_measured_parameter) VALUES (69, 69, 3, 101);
insert into signal(id, id_sensor, id_type, id_measured_parameter) VALUES (70, 70, 3, 101);
insert into signal(id, id_sensor, id_type, id_measured_parameter) VALUES (71, 71, 3, 101);
insert into signal(id, id_sensor, id_type, id_measured_parameter) VALUES (72, 72, 3, 101);
insert into signal(id, id_sensor, id_type, id_measured_parameter) VALUES (73, 73, 3, 101);
insert into signal(id, id_sensor, id_type, id_measured_parameter) VALUES (74, 74, 3, 101);
insert into signal(id, id_sensor, id_type, id_measured_parameter) VALUES (75, 75, 3, 101);
insert into signal(id, id_sensor, id_type, id_measured_parameter) VALUES (76, 76, 3, 101);
insert into signal(id, id_sensor, id_type, id_measured_parameter) VALUES (77, 77, 3, 101);
insert into signal(id, id_sensor, id_type, id_measured_parameter) VALUES (78, 78, 3, 101);
insert into signal(id, id_sensor, id_type, id_measured_parameter) VALUES (79, 79, 3, 101);
insert into signal(id, id_sensor, id_type, id_measured_parameter) VALUES (80, 80, 3, 101);
insert into signal(id, id_sensor, id_type, id_measured_parameter) VALUES (81, 81, 3, 101);
insert into signal(id, id_sensor, id_type, id_measured_parameter) VALUES (82, 82, 3, 101);
insert into signal(id, id_sensor, id_type, id_measured_parameter) VALUES (83, 83, 3, 101);
insert into signal(id, id_sensor, id_type, id_measured_parameter) VALUES (84, 84, 3, 101);
insert into signal(id, id_sensor, id_type, id_measured_parameter) VALUES (85, 85, 3, 101);
insert into signal(id, id_sensor, id_type, id_measured_parameter) VALUES (86, 86, 3, 101);
insert into signal(id, id_sensor, id_type, id_measured_parameter) VALUES (87, 87, 3, 101);
insert into signal(id, id_sensor, id_type, id_measured_parameter) VALUES (88, 88, 3, 101);
insert into signal(id, id_sensor, id_type, id_measured_parameter) VALUES (89, 89, 3, 101);

insert into signal(id, id_sensor, id_type, id_measured_parameter) VALUES (90, 90, 3, 102);
insert into signal(id, id_sensor, id_type, id_measured_parameter) VALUES (91, 91, 3, 102);
insert into signal(id, id_sensor, id_type, id_measured_parameter) VALUES (92, 92, 3, 102);
insert into signal(id, id_sensor, id_type, id_measured_parameter) VALUES (93, 93, 3, 102);

insert into signal(id, id_sensor, id_type, id_measured_parameter) VALUES (94, 94, 1, 103);
insert into signal(id, id_sensor, id_type, id_measured_parameter) VALUES (95, 95, 1, 103);
insert into signal(id, id_sensor, id_type, id_measured_parameter) VALUES (96, 96, 1, 103);
insert into signal(id, id_sensor, id_type, id_measured_parameter) VALUES (97, 97, 1, 103);
insert into signal(id, id_sensor, id_type, id_measured_parameter) VALUES (98, 98, 1, 103);
insert into signal(id, id_sensor, id_type, id_measured_parameter) VALUES (99, 99, 1, 103);
insert into signal(id, id_sensor, id_type, id_measured_parameter) VALUES (100, 100, 1, 103);
insert into signal(id, id_sensor, id_type, id_measured_parameter) VALUES (101, 101, 1, 103);
insert into signal(id, id_sensor, id_type, id_measured_parameter) VALUES (102, 102, 1, 103);
insert into signal(id, id_sensor, id_type, id_measured_parameter) VALUES (103, 103, 1, 103);
insert into signal(id, id_sensor, id_type, id_measured_parameter) VALUES (104, 104, 1, 103);
insert into signal(id, id_sensor, id_type, id_measured_parameter) VALUES (105, 105, 1, 103);
insert into signal(id, id_sensor, id_type, id_measured_parameter) VALUES (106, 106, 1, 103);
insert into signal(id, id_sensor, id_type, id_measured_parameter) VALUES (107, 107, 1, 103);
insert into signal(id, id_sensor, id_type, id_measured_parameter) VALUES (108, 108, 1, 103);
insert into signal(id, id_sensor, id_type, id_measured_parameter) VALUES (109, 109, 1, 103);
insert into signal(id, id_sensor, id_type, id_measured_parameter) VALUES (110, 110, 1, 103);
insert into signal(id, id_sensor, id_type, id_measured_parameter) VALUES (111, 111, 1, 103);
insert into signal(id, id_sensor, id_type, id_measured_parameter) VALUES (112, 112, 1, 103);
insert into signal(id, id_sensor, id_type, id_measured_parameter) VALUES (113, 113, 1, 103);
insert into signal(id, id_sensor, id_type, id_measured_parameter) VALUES (114, 114, 1, 103);
insert into signal(id, id_sensor, id_type, id_measured_parameter) VALUES (115, 115, 1, 103);
insert into signal(id, id_sensor, id_type, id_measured_parameter) VALUES (116, 116, 1, 103);
insert into signal(id, id_sensor, id_type, id_measured_parameter) VALUES (117, 117, 1, 103);
insert into signal(id, id_sensor, id_type, id_measured_parameter) VALUES (118, 118, 1, 103);
insert into signal(id, id_sensor, id_type, id_measured_parameter) VALUES (119, 119, 1, 103);
insert into signal(id, id_sensor, id_type, id_measured_parameter) VALUES (120, 120, 1, 103);
insert into signal(id, id_sensor, id_type, id_measured_parameter) VALUES (121, 121, 1, 103);
insert into signal(id, id_sensor, id_type, id_measured_parameter) VALUES (122, 122, 1, 103);
insert into signal(id, id_sensor, id_type, id_measured_parameter) VALUES (123, 123, 1, 103);
insert into signal(id, id_sensor, id_type, id_measured_parameter) VALUES (124, 124, 1, 103);
insert into signal(id, id_sensor, id_type, id_measured_parameter) VALUES (125, 125, 1, 103);
insert into signal(id, id_sensor, id_type, id_measured_parameter) VALUES (126, 126, 1, 103);
insert into signal(id, id_sensor, id_type, id_measured_parameter) VALUES (127, 127, 1, 103);
insert into signal(id, id_sensor, id_type, id_measured_parameter) VALUES (128, 128, 1, 103);
insert into signal(id, id_sensor, id_type, id_measured_parameter) VALUES (129, 129, 1, 103);
insert into signal(id, id_sensor, id_type, id_measured_parameter) VALUES (130, 130, 1, 104);
insert into signal(id, id_sensor, id_type, id_measured_parameter) VALUES (131, 131, 1, 104);

insert into signal(id, id_sensor, id_type, id_measured_parameter) VALUES (132, 132, 3, 106);
insert into signal(id, id_sensor, id_type, id_measured_parameter) VALUES (133, 132, 3, 105);
insert into signal(id, id_sensor, id_type, id_measured_parameter) VALUES (134, 133, 3, 106);
insert into signal(id, id_sensor, id_type, id_measured_parameter) VALUES (135, 133, 3, 105);
insert into signal(id, id_sensor, id_type, id_measured_parameter) VALUES (136, 134, 3, 106);
insert into signal(id, id_sensor, id_type, id_measured_parameter) VALUES (137, 134, 3, 105);
insert into signal(id, id_sensor, id_type, id_measured_parameter) VALUES (138, 135, 3, 106);
insert into signal(id, id_sensor, id_type, id_measured_parameter) VALUES (139, 135, 3, 105);
insert into signal(id, id_sensor, id_type, id_measured_parameter) VALUES (140, 136, 3, 106);
insert into signal(id, id_sensor, id_type, id_measured_parameter) VALUES (141, 136, 3, 105);
insert into signal(id, id_sensor, id_type, id_measured_parameter) VALUES (142, 137, 3, 106);
insert into signal(id, id_sensor, id_type, id_measured_parameter) VALUES (143, 137, 3, 105);
insert into signal(id, id_sensor, id_type, id_measured_parameter) VALUES (144, 138, 3, 106);
insert into signal(id, id_sensor, id_type, id_measured_parameter) VALUES (145, 138, 3, 105);
insert into signal(id, id_sensor, id_type, id_measured_parameter) VALUES (146, 139, 3, 106);
insert into signal(id, id_sensor, id_type, id_measured_parameter) VALUES (147, 139, 3, 105);
insert into signal(id, id_sensor, id_type, id_measured_parameter) VALUES (148, 140, 3, 106);
insert into signal(id, id_sensor, id_type, id_measured_parameter) VALUES (149, 140, 3, 105);
insert into signal(id, id_sensor, id_type, id_measured_parameter) VALUES (150, 141, 3, 106);
insert into signal(id, id_sensor, id_type, id_measured_parameter) VALUES (151, 141, 3, 105);
insert into signal(id, id_sensor, id_type, id_measured_parameter) VALUES (152, 142, 3, 106);
insert into signal(id, id_sensor, id_type, id_measured_parameter) VALUES (153, 142, 3, 105);

insert into signal(id, id_sensor, id_type, id_measured_parameter) VALUES (154, 143, 3, 107);
insert into signal(id, id_sensor, id_type, id_measured_parameter) VALUES (155, 144, 3, 107);
insert into signal(id, id_sensor, id_type, id_measured_parameter) VALUES (156, 145, 3, 107);
insert into signal(id, id_sensor, id_type, id_measured_parameter) VALUES (157, 146, 3, 107);
insert into signal(id, id_sensor, id_type, id_measured_parameter) VALUES (158, 147, 3, 107);
insert into signal(id, id_sensor, id_type, id_measured_parameter) VALUES (159, 148, 3, 107);
insert into signal(id, id_sensor, id_type, id_measured_parameter) VALUES (160, 149, 3, 107);
insert into signal(id, id_sensor, id_type, id_measured_parameter) VALUES (161, 150, 3, 107);
insert into signal(id, id_sensor, id_type, id_measured_parameter) VALUES (162, 151, 3, 107);
insert into signal(id, id_sensor, id_type, id_measured_parameter) VALUES (163, 152, 3, 107);
insert into signal(id, id_sensor, id_type, id_measured_parameter) VALUES (164, 153, 3, 107);
insert into signal(id, id_sensor, id_type, id_measured_parameter) VALUES (165, 154, 3, 107);
insert into signal(id, id_sensor, id_type, id_measured_parameter) VALUES (166, 155, 3, 107);
insert into signal(id, id_sensor, id_type, id_measured_parameter) VALUES (167, 156, 3, 107);
insert into signal(id, id_sensor, id_type, id_measured_parameter) VALUES (168, 157, 3, 107);
insert into signal(id, id_sensor, id_type, id_measured_parameter) VALUES (169, 158, 3, 107);

insert into signal(id, id_sensor, id_type, id_measured_parameter) VALUES (170, 159, 3, 42);
insert into signal(id, id_sensor, id_type, id_measured_parameter) VALUES (171, 159, 3, 43);
insert into signal(id, id_sensor, id_type, id_measured_parameter) VALUES (172, 160, 3, 42);
insert into signal(id, id_sensor, id_type, id_measured_parameter) VALUES (173, 160, 3, 43);
insert into signal(id, id_sensor, id_type, id_measured_parameter) VALUES (174, 161, 3, 42);
insert into signal(id, id_sensor, id_type, id_measured_parameter) VALUES (175, 161, 3, 43);
insert into signal(id, id_sensor, id_type, id_measured_parameter) VALUES (176, 162, 3, 42);
insert into signal(id, id_sensor, id_type, id_measured_parameter) VALUES (177, 162, 3, 43);
insert into signal(id, id_sensor, id_type, id_measured_parameter) VALUES (178, 163, 3, 42);
insert into signal(id, id_sensor, id_type, id_measured_parameter) VALUES (179, 163, 3, 43);
insert into signal(id, id_sensor, id_type, id_measured_parameter) VALUES (180, 164, 3, 42);
insert into signal(id, id_sensor, id_type, id_measured_parameter) VALUES (181, 164, 3, 43);

insert into signal(id, id_sensor, id_type, id_measured_parameter) VALUES (182, 165, 3, 108);
insert into signal(id, id_sensor, id_type, id_measured_parameter) VALUES (183, 166, 3, 108);
insert into signal(id, id_sensor, id_type, id_measured_parameter) VALUES (184, 167, 3, 108);
insert into signal(id, id_sensor, id_type, id_measured_parameter) VALUES (185, 168, 3, 108);
insert into signal(id, id_sensor, id_type, id_measured_parameter) VALUES (186, 169, 3, 108);
insert into signal(id, id_sensor, id_type, id_measured_parameter) VALUES (187, 170, 3, 108);
insert into signal(id, id_sensor, id_type, id_measured_parameter) VALUES (188, 171, 3, 108);
insert into signal(id, id_sensor, id_type, id_measured_parameter) VALUES (189, 172, 3, 108);

insert into signal(id, id_sensor, id_type, id_measured_parameter) VALUES (190, 173, 3, 106);
insert into signal(id, id_sensor, id_type, id_measured_parameter) VALUES (191, 173, 3, 105);
insert into signal(id, id_sensor, id_type, id_measured_parameter) VALUES (192, 174, 3, 106);
insert into signal(id, id_sensor, id_type, id_measured_parameter) VALUES (193, 174, 3, 105);
insert into signal(id, id_sensor, id_type, id_measured_parameter) VALUES (194, 175, 3, 106);
insert into signal(id, id_sensor, id_type, id_measured_parameter) VALUES (195, 175, 3, 105);
insert into signal(id, id_sensor, id_type, id_measured_parameter) VALUES (196, 176, 3, 106);
insert into signal(id, id_sensor, id_type, id_measured_parameter) VALUES (197, 176, 3, 105);
insert into signal(id, id_sensor, id_type, id_measured_parameter) VALUES (198, 177, 3, 106);
insert into signal(id, id_sensor, id_type, id_measured_parameter) VALUES (199, 177, 3, 105);
insert into signal(id, id_sensor, id_type, id_measured_parameter) VALUES (200, 178, 3, 106);
insert into signal(id, id_sensor, id_type, id_measured_parameter) VALUES (201, 178, 3, 105);
insert into signal(id, id_sensor, id_type, id_measured_parameter) VALUES (202, 179, 3, 106);
insert into signal(id, id_sensor, id_type, id_measured_parameter) VALUES (203, 179, 3, 105);
insert into signal(id, id_sensor, id_type, id_measured_parameter) VALUES (204, 180, 3, 106);
insert into signal(id, id_sensor, id_type, id_measured_parameter) VALUES (205, 180, 3, 105);
insert into signal(id, id_sensor, id_type, id_measured_parameter) VALUES (206, 181, 3, 106);
insert into signal(id, id_sensor, id_type, id_measured_parameter) VALUES (207, 181, 3, 105);
insert into signal(id, id_sensor, id_type, id_measured_parameter) VALUES (208, 182, 3, 106);
insert into signal(id, id_sensor, id_type, id_measured_parameter) VALUES (209, 182, 3, 105);
insert into signal(id, id_sensor, id_type, id_measured_parameter) VALUES (210, 183, 3, 106);
insert into signal(id, id_sensor, id_type, id_measured_parameter) VALUES (211, 183, 3, 105);
insert into signal(id, id_sensor, id_type, id_measured_parameter) VALUES (212, 184, 3, 106);
insert into signal(id, id_sensor, id_type, id_measured_parameter) VALUES (213, 184, 3, 105);
insert into signal(id, id_sensor, id_type, id_measured_parameter) VALUES (214, 185, 3, 106);
insert into signal(id, id_sensor, id_type, id_measured_parameter) VALUES (215, 185, 3, 105);
insert into signal(id, id_sensor, id_type, id_measured_parameter) VALUES (216, 186, 3, 106);
insert into signal(id, id_sensor, id_type, id_measured_parameter) VALUES (217, 186, 3, 105);
insert into signal(id, id_sensor, id_type, id_measured_parameter) VALUES (218, 187, 3, 106);
insert into signal(id, id_sensor, id_type, id_measured_parameter) VALUES (219, 187, 3, 105);
insert into signal(id, id_sensor, id_type, id_measured_parameter) VALUES (220, 188, 3, 106);
insert into signal(id, id_sensor, id_type, id_measured_parameter) VALUES (221, 188, 3, 105);
insert into signal(id, id_sensor, id_type, id_measured_parameter) VALUES (222, 189, 3, 106);
insert into signal(id, id_sensor, id_type, id_measured_parameter) VALUES (223, 189, 3, 105);
insert into signal(id, id_sensor, id_type, id_measured_parameter) VALUES (224, 190, 3, 106);
insert into signal(id, id_sensor, id_type, id_measured_parameter) VALUES (225, 190, 3, 105);
insert into signal(id, id_sensor, id_type, id_measured_parameter) VALUES (226, 191, 3, 106);
insert into signal(id, id_sensor, id_type, id_measured_parameter) VALUES (227, 191, 3, 105);
insert into signal(id, id_sensor, id_type, id_measured_parameter) VALUES (228, 192, 3, 106);
insert into signal(id, id_sensor, id_type, id_measured_parameter) VALUES (229, 192, 3, 105);
insert into signal(id, id_sensor, id_type, id_measured_parameter) VALUES (230, 193, 3, 106);
insert into signal(id, id_sensor, id_type, id_measured_parameter) VALUES (231, 193, 3, 105);
insert into signal(id, id_sensor, id_type, id_measured_parameter) VALUES (232, 194, 3, 106);
insert into signal(id, id_sensor, id_type, id_measured_parameter) VALUES (233, 194, 3, 105);
insert into signal(id, id_sensor, id_type, id_measured_parameter) VALUES (234, 195, 3, 106);
insert into signal(id, id_sensor, id_type, id_measured_parameter) VALUES (235, 195, 3, 105);
insert into signal(id, id_sensor, id_type, id_measured_parameter) VALUES (236, 196, 3, 106);
insert into signal(id, id_sensor, id_type, id_measured_parameter) VALUES (237, 196, 3, 105);
insert into signal(id, id_sensor, id_type, id_measured_parameter) VALUES (238, 197, 3, 106);
insert into signal(id, id_sensor, id_type, id_measured_parameter) VALUES (239, 197, 3, 105);
insert into signal(id, id_sensor, id_type, id_measured_parameter) VALUES (240, 198, 3, 106);
insert into signal(id, id_sensor, id_type, id_measured_parameter) VALUES (241, 198, 3, 105);
insert into signal(id, id_sensor, id_type, id_measured_parameter) VALUES (242, 199, 3, 106);
insert into signal(id, id_sensor, id_type, id_measured_parameter) VALUES (243, 199, 3, 105);
insert into signal(id, id_sensor, id_type, id_measured_parameter) VALUES (244, 200, 3, 106);
insert into signal(id, id_sensor, id_type, id_measured_parameter) VALUES (245, 200, 3, 105);
insert into signal(id, id_sensor, id_type, id_measured_parameter) VALUES (246, 201, 3, 106);
insert into signal(id, id_sensor, id_type, id_measured_parameter) VALUES (247, 201, 3, 105);
insert into signal(id, id_sensor, id_type, id_measured_parameter) VALUES (248, 202, 3, 106);
insert into signal(id, id_sensor, id_type, id_measured_parameter) VALUES (249, 202, 3, 105);
insert into signal(id, id_sensor, id_type, id_measured_parameter) VALUES (250, 203, 3, 106);
insert into signal(id, id_sensor, id_type, id_measured_parameter) VALUES (251, 203, 3, 105);
insert into signal(id, id_sensor, id_type, id_measured_parameter) VALUES (252, 204, 3, 106);
insert into signal(id, id_sensor, id_type, id_measured_parameter) VALUES (253, 204, 3, 105);
insert into signal(id, id_sensor, id_type, id_measured_parameter) VALUES (254, 205, 3, 106);
insert into signal(id, id_sensor, id_type, id_measured_parameter) VALUES (255, 205, 3, 105);
insert into signal(id, id_sensor, id_type, id_measured_parameter) VALUES (256, 206, 3, 106);
insert into signal(id, id_sensor, id_type, id_measured_parameter) VALUES (257, 206, 3, 105);
insert into signal(id, id_sensor, id_type, id_measured_parameter) VALUES (258, 207, 3, 106);
insert into signal(id, id_sensor, id_type, id_measured_parameter) VALUES (259, 207, 3, 105);
insert into signal(id, id_sensor, id_type, id_measured_parameter) VALUES (260, 208, 3, 106);
insert into signal(id, id_sensor, id_type, id_measured_parameter) VALUES (261, 208, 3, 105);
insert into signal(id, id_sensor, id_type, id_measured_parameter) VALUES (262, 209, 3, 106);
insert into signal(id, id_sensor, id_type, id_measured_parameter) VALUES (263, 209, 3, 105);
insert into signal(id, id_sensor, id_type, id_measured_parameter) VALUES (264, 210, 3, 106);
insert into signal(id, id_sensor, id_type, id_measured_parameter) VALUES (265, 210, 3, 105);
insert into signal(id, id_sensor, id_type, id_measured_parameter) VALUES (266, 211, 3, 106);
insert into signal(id, id_sensor, id_type, id_measured_parameter) VALUES (267, 211, 3, 105);
insert into signal(id, id_sensor, id_type, id_measured_parameter) VALUES (268, 212, 3, 106);
insert into signal(id, id_sensor, id_type, id_measured_parameter) VALUES (269, 212, 3, 105);
insert into signal(id, id_sensor, id_type, id_measured_parameter) VALUES (270, 213, 3, 106);
insert into signal(id, id_sensor, id_type, id_measured_parameter) VALUES (271, 213, 3, 105);
insert into signal(id, id_sensor, id_type, id_measured_parameter) VALUES (272, 214, 3, 106);
insert into signal(id, id_sensor, id_type, id_measured_parameter) VALUES (273, 214, 3, 105);

insert into signal(id, id_sensor, id_type, id_measured_parameter) VALUES (274, 215, 2, 109);
insert into signal(id, id_sensor, id_type, id_measured_parameter) VALUES (275, 216, 2, 110);
insert into signal(id, id_sensor, id_type, id_measured_parameter) VALUES (276, 217, 3, 110);
insert into signal(id, id_sensor, id_type, id_measured_parameter) VALUES (277, 218, 3, 109);

insert into signal(id, id_sensor, id_type, id_measured_parameter) VALUES (278, 219, 2, 111);
insert into signal(id, id_sensor, id_type, id_measured_parameter) VALUES (279, 219, 2, 112);
insert into signal(id, id_sensor, id_type, id_measured_parameter) VALUES (280, 219, 2, 113);
insert into signal(id, id_sensor, id_type, id_measured_parameter) VALUES (281, 219, 2, 114);
insert into signal(id, id_sensor, id_type, id_measured_parameter) VALUES (282, 219, 2, 115);
insert into signal(id, id_sensor, id_type, id_measured_parameter) VALUES (283, 219, 2, 116);

insert into signal(id, id_sensor, id_type, id_measured_parameter) VALUES (284, 220, 2, 117);
insert into signal(id, id_sensor, id_type, id_measured_parameter) VALUES (285, 220, 2, 118);
insert into signal(id, id_sensor, id_type, id_measured_parameter) VALUES (286, 220, 2, 119);
insert into signal(id, id_sensor, id_type, id_measured_parameter) VALUES (287, 220, 2, 120);
insert into signal(id, id_sensor, id_type, id_measured_parameter) VALUES (288, 220, 2, 121);
insert into signal(id, id_sensor, id_type, id_measured_parameter) VALUES (289, 220, 2, 122);

insert into signal(id, id_sensor, id_type, id_measured_parameter) VALUES (290, 221, 2, 123);
insert into signal(id, id_sensor, id_type, id_measured_parameter) VALUES (291, 221, 2, 124);
insert into signal(id, id_sensor, id_type, id_measured_parameter) VALUES (292, 222, 2, 123);
insert into signal(id, id_sensor, id_type, id_measured_parameter) VALUES (293, 222, 2, 124);
insert into signal(id, id_sensor, id_type, id_measured_parameter) VALUES (294, 223, 2, 123);
insert into signal(id, id_sensor, id_type, id_measured_parameter) VALUES (295, 223, 2, 124);
insert into signal(id, id_sensor, id_type, id_measured_parameter) VALUES (296, 224, 2, 123);
insert into signal(id, id_sensor, id_type, id_measured_parameter) VALUES (297, 224, 2, 124);
insert into signal(id, id_sensor, id_type, id_measured_parameter) VALUES (298, 225, 2, 123);
insert into signal(id, id_sensor, id_type, id_measured_parameter) VALUES (299, 225, 2, 124);
insert into signal(id, id_sensor, id_type, id_measured_parameter) VALUES (300, 226, 2, 123);
insert into signal(id, id_sensor, id_type, id_measured_parameter) VALUES (301, 226, 2, 124);
insert into signal(id, id_sensor, id_type, id_measured_parameter) VALUES (302, 227, 2, 123);
insert into signal(id, id_sensor, id_type, id_measured_parameter) VALUES (303, 227, 2, 124);
insert into signal(id, id_sensor, id_type, id_measured_parameter) VALUES (304, 228, 2, 123);
insert into signal(id, id_sensor, id_type, id_measured_parameter) VALUES (305, 228, 2, 124);
insert into signal(id, id_sensor, id_type, id_measured_parameter) VALUES (306, 229, 2, 123);
insert into signal(id, id_sensor, id_type, id_measured_parameter) VALUES (307, 229, 2, 124);
insert into signal(id, id_sensor, id_type, id_measured_parameter) VALUES (308, 230, 2, 123);
insert into signal(id, id_sensor, id_type, id_measured_parameter) VALUES (309, 230, 2, 124);
insert into signal(id, id_sensor, id_type, id_measured_parameter) VALUES (310, 231, 2, 123);
insert into signal(id, id_sensor, id_type, id_measured_parameter) VALUES (311, 231, 2, 124);
insert into signal(id, id_sensor, id_type, id_measured_parameter) VALUES (312, 232, 2, 123);
insert into signal(id, id_sensor, id_type, id_measured_parameter) VALUES (313, 232, 2, 124);
insert into signal(id, id_sensor, id_type, id_measured_parameter) VALUES (314, 233, 2, 123);
insert into signal(id, id_sensor, id_type, id_measured_parameter) VALUES (315, 233, 2, 124);
insert into signal(id, id_sensor, id_type, id_measured_parameter) VALUES (316, 234, 2, 123);
insert into signal(id, id_sensor, id_type, id_measured_parameter) VALUES (317, 234, 2, 124);
insert into signal(id, id_sensor, id_type, id_measured_parameter) VALUES (318, 235, 2, 123);
insert into signal(id, id_sensor, id_type, id_measured_parameter) VALUES (319, 235, 2, 124);
insert into signal(id, id_sensor, id_type, id_measured_parameter) VALUES (320, 236, 2, 123);
insert into signal(id, id_sensor, id_type, id_measured_parameter) VALUES (321, 236, 2, 124);
insert into signal(id, id_sensor, id_type, id_measured_parameter) VALUES (322, 237, 2, 123);
insert into signal(id, id_sensor, id_type, id_measured_parameter) VALUES (323, 237, 2, 124);
insert into signal(id, id_sensor, id_type, id_measured_parameter) VALUES (324, 238, 2, 123);
insert into signal(id, id_sensor, id_type, id_measured_parameter) VALUES (325, 238, 2, 124);
insert into signal(id, id_sensor, id_type, id_measured_parameter) VALUES (326, 239, 2, 123);
insert into signal(id, id_sensor, id_type, id_measured_parameter) VALUES (327, 239, 2, 124);
insert into signal(id, id_sensor, id_type, id_measured_parameter) VALUES (328, 240, 2, 123);
insert into signal(id, id_sensor, id_type, id_measured_parameter) VALUES (329, 240, 2, 124);
insert into signal(id, id_sensor, id_type, id_measured_parameter) VALUES (330, 241, 2, 123);
insert into signal(id, id_sensor, id_type, id_measured_parameter) VALUES (331, 241, 2, 124);
insert into signal(id, id_sensor, id_type, id_measured_parameter) VALUES (332, 242, 2, 123);
insert into signal(id, id_sensor, id_type, id_measured_parameter) VALUES (333, 242, 2, 124);
insert into signal(id, id_sensor, id_type, id_measured_parameter) VALUES (334, 243, 2, 123);
insert into signal(id, id_sensor, id_type, id_measured_parameter) VALUES (335, 243, 2, 124);
insert into signal(id, id_sensor, id_type, id_measured_parameter) VALUES (336, 244, 2, 123);
insert into signal(id, id_sensor, id_type, id_measured_parameter) VALUES (337, 244, 2, 124);
insert into signal(id, id_sensor, id_type, id_measured_parameter) VALUES (338, 245, 2, 123);
insert into signal(id, id_sensor, id_type, id_measured_parameter) VALUES (339, 245, 2, 124);
insert into signal(id, id_sensor, id_type, id_measured_parameter) VALUES (340, 246, 2, 123);
insert into signal(id, id_sensor, id_type, id_measured_parameter) VALUES (341, 246, 2, 124);
insert into signal(id, id_sensor, id_type, id_measured_parameter) VALUES (342, 247, 2, 123);
insert into signal(id, id_sensor, id_type, id_measured_parameter) VALUES (343, 247, 2, 124);
insert into signal(id, id_sensor, id_type, id_measured_parameter) VALUES (344, 248, 2, 123);
insert into signal(id, id_sensor, id_type, id_measured_parameter) VALUES (345, 248, 2, 124);
insert into signal(id, id_sensor, id_type, id_measured_parameter) VALUES (346, 249, 2, 123);
insert into signal(id, id_sensor, id_type, id_measured_parameter) VALUES (347, 249, 2, 124);
insert into signal(id, id_sensor, id_type, id_measured_parameter) VALUES (348, 250, 2, 123);
insert into signal(id, id_sensor, id_type, id_measured_parameter) VALUES (349, 250, 2, 124);
insert into signal(id, id_sensor, id_type, id_measured_parameter) VALUES (350, 251, 2, 123);
insert into signal(id, id_sensor, id_type, id_measured_parameter) VALUES (351, 251, 2, 124);
insert into signal(id, id_sensor, id_type, id_measured_parameter) VALUES (352, 252, 2, 123);
insert into signal(id, id_sensor, id_type, id_measured_parameter) VALUES (353, 252, 2, 124);
insert into signal(id, id_sensor, id_type, id_measured_parameter) VALUES (354, 253, 2, 123);
insert into signal(id, id_sensor, id_type, id_measured_parameter) VALUES (355, 253, 2, 124);
insert into signal(id, id_sensor, id_type, id_measured_parameter) VALUES (356, 254, 2, 123);
insert into signal(id, id_sensor, id_type, id_measured_parameter) VALUES (357, 254, 2, 124);
insert into signal(id, id_sensor, id_type, id_measured_parameter) VALUES (358, 255, 2, 123);
insert into signal(id, id_sensor, id_type, id_measured_parameter) VALUES (359, 255, 2, 124);
insert into signal(id, id_sensor, id_type, id_measured_parameter) VALUES (360, 256, 2, 123);
insert into signal(id, id_sensor, id_type, id_measured_parameter) VALUES (361, 256, 2, 124);
insert into signal(id, id_sensor, id_type, id_measured_parameter) VALUES (362, 257, 2, 123);
insert into signal(id, id_sensor, id_type, id_measured_parameter) VALUES (363, 257, 2, 124);
insert into signal(id, id_sensor, id_type, id_measured_parameter) VALUES (364, 258, 2, 123);
insert into signal(id, id_sensor, id_type, id_measured_parameter) VALUES (365, 258, 2, 124);
insert into signal(id, id_sensor, id_type, id_measured_parameter) VALUES (366, 259, 2, 123);
insert into signal(id, id_sensor, id_type, id_measured_parameter) VALUES (367, 259, 2, 124);
insert into signal(id, id_sensor, id_type, id_measured_parameter) VALUES (368, 260, 2, 123);
insert into signal(id, id_sensor, id_type, id_measured_parameter) VALUES (369, 260, 2, 124);
insert into signal(id, id_sensor, id_type, id_measured_parameter) VALUES (370, 261, 2, 123);
insert into signal(id, id_sensor, id_type, id_measured_parameter) VALUES (371, 261, 2, 124);
insert into signal(id, id_sensor, id_type, id_measured_parameter) VALUES (372, 262, 2, 123);
insert into signal(id, id_sensor, id_type, id_measured_parameter) VALUES (373, 262, 2, 124);
insert into signal(id, id_sensor, id_type, id_measured_parameter) VALUES (374, 263, 2, 123);
insert into signal(id, id_sensor, id_type, id_measured_parameter) VALUES (375, 263, 2, 124);
insert into signal(id, id_sensor, id_type, id_measured_parameter) VALUES (376, 264, 2, 123);
insert into signal(id, id_sensor, id_type, id_measured_parameter) VALUES (377, 264, 2, 124);
insert into signal(id, id_sensor, id_type, id_measured_parameter) VALUES (378, 265, 2, 123);
insert into signal(id, id_sensor, id_type, id_measured_parameter) VALUES (379, 265, 2, 124);
insert into signal(id, id_sensor, id_type, id_measured_parameter) VALUES (380, 266, 2, 123);
insert into signal(id, id_sensor, id_type, id_measured_parameter) VALUES (381, 266, 2, 124);
insert into signal(id, id_sensor, id_type, id_measured_parameter) VALUES (382, 267, 2, 123);
insert into signal(id, id_sensor, id_type, id_measured_parameter) VALUES (383, 267, 2, 124);
insert into signal(id, id_sensor, id_type, id_measured_parameter) VALUES (384, 268, 2, 123);
insert into signal(id, id_sensor, id_type, id_measured_parameter) VALUES (385, 268, 2, 124);
insert into signal(id, id_sensor, id_type, id_measured_parameter) VALUES (386, 269, 2, 123);
insert into signal(id, id_sensor, id_type, id_measured_parameter) VALUES (387, 269, 2, 124);
insert into signal(id, id_sensor, id_type, id_measured_parameter) VALUES (388, 270, 2, 123);
insert into signal(id, id_sensor, id_type, id_measured_parameter) VALUES (389, 270, 2, 124);
insert into signal(id, id_sensor, id_type, id_measured_parameter) VALUES (390, 271, 2, 123);
insert into signal(id, id_sensor, id_type, id_measured_parameter) VALUES (391, 271, 2, 124);
insert into signal(id, id_sensor, id_type, id_measured_parameter) VALUES (392, 272, 2, 123);
insert into signal(id, id_sensor, id_type, id_measured_parameter) VALUES (393, 272, 2, 124);
insert into signal(id, id_sensor, id_type, id_measured_parameter) VALUES (394, 273, 2, 123);
insert into signal(id, id_sensor, id_type, id_measured_parameter) VALUES (395, 273, 2, 124);
insert into signal(id, id_sensor, id_type, id_measured_parameter) VALUES (396, 274, 2, 123);
insert into signal(id, id_sensor, id_type, id_measured_parameter) VALUES (397, 274, 2, 124);
insert into signal(id, id_sensor, id_type, id_measured_parameter) VALUES (398, 275, 2, 123);
insert into signal(id, id_sensor, id_type, id_measured_parameter) VALUES (399, 275, 2, 124);
insert into signal(id, id_sensor, id_type, id_measured_parameter) VALUES (400, 276, 2, 123);
insert into signal(id, id_sensor, id_type, id_measured_parameter) VALUES (401, 276, 2, 124);
insert into signal(id, id_sensor, id_type, id_measured_parameter) VALUES (402, 277, 2, 123);
insert into signal(id, id_sensor, id_type, id_measured_parameter) VALUES (403, 277, 2, 124);
insert into signal(id, id_sensor, id_type, id_measured_parameter) VALUES (404, 278, 2, 123);
insert into signal(id, id_sensor, id_type, id_measured_parameter) VALUES (405, 278, 2, 124);
insert into signal(id, id_sensor, id_type, id_measured_parameter) VALUES (406, 279, 2, 123);
insert into signal(id, id_sensor, id_type, id_measured_parameter) VALUES (407, 279, 2, 124);
insert into signal(id, id_sensor, id_type, id_measured_parameter) VALUES (408, 280, 2, 123);
insert into signal(id, id_sensor, id_type, id_measured_parameter) VALUES (409, 280, 2, 124);
insert into signal(id, id_sensor, id_type, id_measured_parameter) VALUES (410, 281, 2, 123);
insert into signal(id, id_sensor, id_type, id_measured_parameter) VALUES (411, 281, 2, 124);
insert into signal(id, id_sensor, id_type, id_measured_parameter) VALUES (412, 282, 2, 123);
insert into signal(id, id_sensor, id_type, id_measured_parameter) VALUES (413, 282, 2, 124);
insert into signal(id, id_sensor, id_type, id_measured_parameter) VALUES (414, 283, 2, 123);
insert into signal(id, id_sensor, id_type, id_measured_parameter) VALUES (415, 283, 2, 124);
insert into signal(id, id_sensor, id_type, id_measured_parameter) VALUES (416, 284, 2, 123);
insert into signal(id, id_sensor, id_type, id_measured_parameter) VALUES (417, 284, 2, 124);
insert into signal(id, id_sensor, id_type, id_measured_parameter) VALUES (418, 285, 2, 123);
insert into signal(id, id_sensor, id_type, id_measured_parameter) VALUES (419, 285, 2, 124);

insert into signal(id, id_sensor, id_type, id_measured_parameter) VALUES (420, 286, 3, 125);




